Noun or num,Part of speech,stem,Unique POS,Stative/Singular 2letter -> 3 letter,,Rules,Rules/withoutNull,Just Null,clearly vowels->null,e-ending,e-ending with double constant no morphing,a-ending,"Not null, a , or e ending"
anantētte,[N.ST],-antētt-,[N.ST],tt-,tte,tt->tte,tt->tte,en,cē,tt->tte,tt->tte,āt->āta,ie->ien
anaŋŋāta,[N.ST],-aŋŋāt-,[N.CO],āt-,āta,āt->āta,āt->āta,ān,cō,lr->lre,lr->lre,ex->exa,ie->ren
anākexa,[N.ST],-ākex-,[N.PHR],ex-,exa,ex->exa,ex->exa,ēl,hē,lt->lte,lt->lte,iw->iwa,īj->wiē
anākiwa,[N.ST],-ākiw-,[N.DEF],iw-,iwa,iw->iwa,iw->iwa,cē,hā,īk->īke,nn->nne,eh->eha,
anālhāri,[N.CO],-ālhār-,[NUM],en-,ñen,en->ñen,eh->eha,ār,iē,nn->nne,nt->nte,iþ->iþa,A-endings vowel-fricative/stop
anālhāri jāxīsse,[N.PHR],-ālhār--āxīss-,[N.SG],en-,ren,en->ren,lr->lre,cō,ñē,nt->nte,st->ste,en->ena,āt->āta
anālmañen,[N.ST],-ālmañen-,[N.AN.SG],eh-,eha,eh->eha,lt->lte,hē,nā,st->ste,ll->lle,ān->āna,ex->exa
anālnaren,[N.ST],-ālnaren-,[N.3P],lr-,lre,lr->lre,iþ->iþa,āñ,lā,ll->lle,ln->lne,āh->āha,iw->iwa
anālneha,[N.ST],-ālneh-,[N.AN.ST],lt-,lte,lt->lte,īk->īke,ūr,lō,ln->lne,rt->rte,āl->āla,eh->eha
anālre,[N.ST],-ālr-,[N.AN.CO],iþ-,iþa,iþ->iþa,nn->nne,el,lū,īw->īwe,kk->kke,ār->āra,iþ->iþa
anālte,[N.ST],-ālt-,,ān-,nān,ān->nān,nt->nte,hā,nō,rt->rte,lk->lke,ēn->ēna,āh->āha
anālliþa,[N.ST],-ālliþ-,ERRORS:,ex-,exa,īk->īke,en->ena,ūñ,ŋā,kk->kke,rr->rre,ēx->ēxa,ēx->ēxa
anāmāesi,[N.CO],-āmāes-,#N/A,iþ-,iþa,nn->nne,ān->āna,ūn,rā,lk->lke,sp->spe,īm->īma,ēt->ēta
anān,[N.ST],-ān-,,īk-,īke,nt->nte,st->ste,iē,rō,ēj->ēie,rm->rme,ēñ->ēña,ōt->ōta
anānexa,[N.ST],-ānex-,,nn-,nne,en->ena,āh->āha,ñē,tū,rr->rre,hh->hhe,ōl->ōla,et->eta
anāniþa,[N.ST],-āniþ-,,nt-,nte,ān->āna,āl->āla,āo,xē,āj->nāe,lp->lpe,ōr->ōra,āx->āxa
anānīke,[N.ST],-ānīk-,,iw-,iwa,st->ste,ll->lle,nā,kā,sp->spe,ss->sse,ūm->ūma,ōh->ōha
anānranne,[N.ST],-ānrann-,,en-,ena,ēl->āēl,ār->āra,al,kō,rm->rme,rw->rwe,ēt->ēta,ūw->ūwa
anānte,[N.ST],-ānt-,,en-,ren,āh->āha,ln->lne,il,ñū,hh->hhe,pr->pre,ōt->ōta,īs->īsa
anānnariwa,[N.ST],-ānnariw-,,ān-,āna,āl->āla,ēn->ēna,āl,mā,lp->lpe,lx->lxe,ēλ->ēλa,īþ->īþa
anāŋŋena,[N.ST],-āŋŋen-,,iþ-,iþa,ll->lle,ēx->ēxa,lā,mū,ss->sse,wr->wre,et->eta,ūt->ūta
anāŋŋeren,[N.ST],-āŋŋeren-,,st-,ste,ār->āra,īw->īwe,lō,ŋō,āj->hāe,cc->cce,ēl->ēla,āp->āpa
anārrāna,[N.ST],-ārrān-,,ēl-,āēl,cē->ncē,īm->īma,lū,pē,rw->rwe,lñ->lñe,āx->āxa,āw->āwa
anārriþa,[N.ST],-ārriþ-,,āh-,āha,ln->lne,rt->rte,ie,wā,pr->pre,sr->sre,or->ora,ēw->ēwa
anāste,[N.ST],-āst-,,āl-,āla,ēn->ēna,ēñ->ēña,īñ,"nasals, ?rhotics?->null",lx->lxe,ññ->ññe,ōh->ōha,īw->īwa
anāxkīñi,[N.CO],-āxkīñ-,,ll-,lle,ār->tār,ōl->ōla,nō,en,wr->wre,pp->ppe,ūw->ūwa,is->isa
ancāēl,[N.ST],-cāēl-,,ān-,āna,ēx->ēxa,ōr->ōra,ŋā,ān,cc->cce,ŋŋ->ŋŋe,īl->īla,āþ->āþa
ancāha,[N.ST],-cāh-,,ār-,āra,īw->īwe,ūm->ūma,rā,ēl,lñ->lñe,nr->nre,īλ->īλa,āk->āka
ancāla,[N.ST],-cāl-,,ll-,lle,īm->īma,ēt->ēta,rō,ār,sr->sre,mm->mme,īñ->īña,ēk->ēka
ancālle,[N.ST],-cāll-,,cē-,ncē,rt->rte,ōt->ōta,ōl,āñ,ññ->ññe,rn->rne,īs->īsa,ōþ->ōþa
ancālli,[N.CO],-cāll-,,ln-,lne,ēñ->ēña,ēλ->ēλa,ēñ,ūr,pp->ppe,xk->xke,īþ->īþa,ēh->ēha
ancāna,[N.ST],-cān-,,ēn-,ēna,en->len,kk->kke,tū,el,ŋŋ->ŋŋe,lw->lwe,ūt->ūta,āc->āca
ancāra,[N.ST],-cār-,,ār-,tār,cō->ncō,et->eta,on,ūñ,nr->nre,lm->lme,āp->āpa,eþ->eþa
ancāelle,[N.ST],-cāell-,,ēx-,ēxa,ōl->ōla,ēl->ēla,xē,ūn,āj->þāe,xt->xte,ōn->ōna,ūs->ūsa
ancāelli,[N.CO],-cāell-,,īw-,īwe,ōr->ōra,lk->lke,ōr,al,mm->mme,rþ->rþe,āw->āwa,ēp->ēpa
ancē,[N.ST],-cē-,,lr-,lre,ūm->ūma,ēj->ēie,am,il,rn->rne,nw->nwe,ēr->ēra,ōx->ōxa
ancēlki,[N.CO],-cēlk-,,īm-,īma,ār->hār,rr->rre,an,āl,āj->lāe,rs->rse,ēw->ēwa,ōs->ōsa
ancēlne,[N.ST],-cēln-,,rt-,rte,hē->ehē,āj->nāe,kā,īñ,xk->xke,ms->mse,īw->īwa,ēþ->ēþa
ancēna,[N.ST],-cēn-,,ēñ-,ēña,āñ->lāñ,sp->spe,kō,ōl,lw->lwe,sk->ske,rj->rja,ōw->ōwa
ancētār,[N.ST],-cētār-,,en-,len,ūr->lūr,rm->rme,ñū,ēñ,lm->lme,Morphings,ōλ->ōλa,ās->āsa
ancēwri,[N.CO],-cēwr-,,cō-,ncō,ēt->ēta,āx->āxa,mā,on,xt->xte,ēj->ēie,is->isa,ēs->ēsa
ancēwriti,[N.CO],-cēwrit-,,ōl-,ōla,ōt->ōta,or->ora,mū,ōr,rþ->rþe,āj->nāe,ūñ->ūña,oþ->oþa
ancēxa,[N.ST],-cēx-,,ōr-,ōra,en->nen,ōh->ōha,āe,am,nw->nwe,āj->hāe,on->ona,ūh->ūha
ancēxīwe,[N.ST],-cēxīw-,,ūm-,ūma,ēλ->ēλa,hh->hhe,ŋō,an,ōr->rxe,āj->þāe,āλ->āλa,es->esa
ancīlre,[N.ST],-cīlr-,,ār-,hār,kk->kke,ūw->ūwa,pē,ōn,rs->rse,āj->lāe,ōm->ōma,īk->īka
ancīlri,[N.CO],-cīlr-,,hē-,ehē,et->eta,īl->īla,ōn,ēn,ms->mse,ōr->rxe,āþ->āþa,īc->īca
ancīllōnni,[N.CO],-cīllōnn-,,ēx-,ēxa,ēl->ēla,lp->lpe,ēn,ōñ,sk->ske,Morphological rule,ōñ->ōña,ūp->ūpa
ancīma,[N.ST],-cīm-,,āñ-,lāñ,ār->kār,īλ->īλa,ōñ,ēr,,īk->īke,āk->āka,ot->ota
ancīrte,[N.ST],-cīrt-,,ūr-,lūr,lk->lke,īñ->īña,ēr,ar,,īw->īwe,ēk->ēka,No change but a:
anciēña,[N.ST],-ciēñ-,,ēt-,ēta,el->rel,īs->īsa,ar,others-> null,,,ūn->ūna,en->ena
anciēri,[N.CO],-ciēr-,,ōt-,ōta,ēj->ēie,ss->sse,wā,āo,,,ōþ->ōþa,ān->āna
anciērlen,[N.ST],-ciērlen-,,en-,nen,rr->rre,īþ->īþa,we,ie,,,oλ->oλa,āl->āla
ancō,[N.ST],-cō-,,ēλ-,ēλa,āj->nāe,ūt->ūta,,āe,,,ēh->ēha,ār->āra
ancōi,[N.CO],-cō-,,kk-,kke,sp->spe,āp->āpa,,we,,,āc->āca,ēn->ēna
ancōla,[N.ST],-cōl-,,et-,eta,hā->nhā,ōn->ōna,,,,,el->ela,īm->īma
ancōra,[N.ST],-cōr-,,ēl-,ēla,en->ien,āw->āwa,,,,,eþ->eþa,ēñ->ēña
ancūma,[N.ST],-cūm-,,ār-,kār,rm->rme,ēr->ēra,,,,,ūs->ūsa,ōl->ōla
anehār,[N.ST],-ehār-,,lk-,lke,āx->āxa,ēw->ēwa,,,,,īr->īra,ōr->ōra
anehē,[N.ST],-ehē-,,el-,rel,or->ora,āj->hāe,,,,,ūr->ūra,ūm->ūma
anejēxa,[N.ST],-ejēx-,,ēj-,ēie,hē->nhē,īw->īwa,,,,,āñ->āña,ēλ->ēλa
anelāñ,[N.ST],-elāñ-,,iþ-,iþa,ūñ->hūñ,rj->rja,,,,,ēp->ēpa,ēl->ēla
anelūr,[N.ST],-elūr-,,ēñ-,ēña,ēl->kēl,ōλ->ōλa,,,,,ōx->ōxa,or->ora
aneλēta,[N.ST],-eλēt-,,el-,rel,ār->nār,is->isa,,,,,ōs->ōsa,īl->īla
aneŋŋōta,[N.ST],-eŋŋōt-,,rr-,rre,ūn->ŋūn,ūñ->ūña,,,,,ūl->ūla,īλ->īλa
anepēnen,[N.ST],-epēnen-,,āj-,nāe,iē->hiē,on->ona,,,,,ēþ->ēþa,īñ->īña
anerēλa,[N.ST],-erēλ-,,sp-,spe,ōh->ōha,āλ->āλa,,,,,ōw->ōwa,ōn->ōna
anexīmi,[N.CO],-exīm-,,ēt-,ēta,hh->hhe,rw->rwe,,,,,ol->ola,ēr->ēra
anēkke,[N.ST],-ēkk-,,hā-,nhā,ūw->ūwa,ōm->ōma,,,,,er->era,rj->rja
anēkketa,[N.ST],-ēkket-,,en-,ien,īl->īla,pr->pre,,,,,ās->āsa,ōλ->ōλa
anēla,[N.ST],-ēl-,,nt-,nte,ñē->lñē,āþ->āþa,,,,,ēs->ēsa,ūñ->ūña
anēlkār,[N.ST],-ēlkār-,,īk-,īke,lp->lpe,lx->lxe,,,,,al->ala,on->ona
anēlke,[N.ST],-ēlk-,,rm-,rme,īλ->īλa,wr->wre,,,,,oþ->oþa,āλ->āλa
anēlkerel,[N.ST],-ēlkerel-,,āx-,āxa,īñ->īña,ōñ->ōña,,,,,ūh->ūha,ōm->ōma
anēlki,[N.CO],-ēlk-,,el-,rel,ān->rān,āk->āka,,,,,es->esa,ōñ->ōña
anēnēie,[N.ST],-ēnēj-,,or-,ora,īs->īsa,ēk->ēka,,,,,īk->īka,ūn->ūna
anēnniþa,[N.ST],-ēnniþ-,,hē-,nhē,ss->sse,cc->cce,,,,,ēm->ēma,oλ->oλa
anēña,[N.ST],-ēñ-,,ūñ-,hūñ,īþ->īþa,ūn->ūna,,,,,īc->īca,el->ela
anēñerel,[N.ST],-ēñerel-,,ēl-,kēl,ūt->ūta,ōþ->ōþa,,,,,ām->āma,īr->īra
anēñerel anēkke,[N.ST],-ēkk--ēñerel-,,ēn-,ēna,āp->āpa,lñ->lñe,,,,,ūp->ūpa,ūr->ūra
anēñerel anmāλa,[N.ST],-ēñerel--māλ-,,ār-,nār,ōn->ōna,oλ->oλa,,,,,ot->ota,āñ->āña
anēñerel annēla,[N.ST],-ēñerel--nēl-,,ūn-,ŋūn,en->ten,sr->sre,,,,,ar->ara,ūl->ūla
anēñerel anxē,[N.ST],-ēñerel-,,iē-,hiē,āo->sāo,ēh->ēha,,,,,,ol->ola
anērre,[N.ST],-ērr-,,ōh-,ōha,en->λen,ññ->ññe,,,,,,er->era
anērrenāe,[N.ST],-ērrenāj-,,hh-,hhe,āw->āwa,āc->āca,,,,,,al->ala
anēspe,[N.ST],-ēsp-,,īk-,īke,nā->nnā,pp->ppe,,,,,,ēm->ēma
anēta,[N.ST],-ēt-,,ōr-,ōra,ēr->ēra,el->ela,,,,,,ām->āma
anhamāri,[N.CO],-hamār-,,ūw-,ūwa,en->pen,ŋŋ->ŋŋe,,,,,,ar->ara
anhā,[N.ST],-hā-,,īk-,īke,ēw->ēwa,eþ->eþa,,,,,,wierd a?
anhālien,[N.ST],-hālien-,,īl-,īla,āj->hāe,ūs->ūsa,,,,,,#N/A
anhāmāe,[N.CO],-hāmā-,,lk-,lke,al->mal,īr->īra,,,,,,Yay no weird a
anhānte,[N.ST],-hānt-,,ñē-,lñē,il->lil,ie->ien,,,,,,
anhāŋŋañi,[N.CO],-hāŋŋañ-,,lp-,lpe,īw->īwa,ūr->ūra,,,,,,
anhāri,[N.CO],-hār-,,ll-,lle,āl->rāl,nr->nre,,,,,,
anhārīke,[N.ST],-hārīk-,,īλ-,īλa,rj->rja,āñ->āña,,,,,,
anhārme,[N.ST],-hārm-,,īñ-,īña,lā->nlā,ēp->ēpa,,,,,,
anhāxa,[N.ST],-hāx-,,ān-,rān,en->men,ōx->ōxa,,,,,,
anhāerel,[N.ST],-hāerel-,,en-,ien,ōλ->ōλa,āj->þāe,,,,,,
anhāerel antāste,[N.ST],-hāerel--tāst-,,īs-,īsa,is->isa,mm->mme,,,,,,
anhāora,[N.ST],-hāor-,,ōr-,ōra,lō->nlō,rn->rne,,,,,,
anhē,[N.ST],-hē-,,ss-,sse,lū->nlū,ōs->ōsa,,,,,,
anhēhūñ,[N.ST],-hēhūñ-,,īþ-,īþa,ūñ->ūña,ūl->ūla,,,,,,
anhēīñi,[N.CO],-hēīñ-,,ēx-,ēxa,on->ona,āj->lāe,,,,,,
anhēkēl,[N.ST],-hēkēl-,,ēl-,āēl,āλ->āλa,ēþ->ēþa,,,,,,
anhēna,[N.ST],-hēn-,,en-,ren,ie->kie,ōw->ōwa,,,,,,
anhēnār,[N.ST],-hēnār-,,ln-,lne,rw->rwe,xk->xke,,,,,,
anhēnārīki,[N.CO],-hēnārīk-,,ūn-,ŋūn,īñ->rīñ,ol->ola,,,,,,
anhēññeci,[N.CO],-hēññec-,,en-,len,ōm->ōma,lw->lwe,,,,,,
anhēŋŋi,[N.CO],-hēŋŋ-,,ūt-,ūta,pr->pre,er->era,,,,,,
anhēŋŋūn,[N.ST],-hēŋŋūn-,,ēl-,āēl,āþ->āþa,lm->lme,,,,,,
anhērmi,[N.CO],-hērm-,,en-,len,ūñ->ēūñ,ās->āsa,,,,,,
anhiē,[N.ST],-hiē-,,ān-,āna,en->sen,ēs->ēsa,,,,,,
anhōha,[N.ST],-hōh-,,āp-,āpa,nō->nnō,xt->xte,,,,,,
anhōhhe,[N.ST],-hōhh-,,ār-,āra,lx->lxe,al->ala,,,,,,
anhōhīke,[N.ST],-hōhīk-,,ll-,lle,wr->wre,rþ->rþe,,,,,,
anhōra,[N.ST],-hōr-,,nt-,nte,ōñ->ōña,oþ->oþa,,,,,,
anhūrūi,[N.CO],-hūrū-,,or-,ora,āl->ūāl,ie->ren,,,,,,
anhūwa,[N.ST],-hūw-,,ōn-,ōna,āk->āka,ūh->ūha,,,,,,
anhūwīke,[N.ST],-hūwīk-,,ār-,hār,ēk->ēka,nw->nwe,,,,,,
anīla,[N.ST],-īl-,,en-,ren,cc->cce,es->esa,,,,,,
anīlke,[N.ST],-īlk-,,en-,ten,ūn->ūna,īk->īka,,,,,,
anīlkeni,[N.CO],-īlken-,,ōl-,ōla,ŋā->nŋā,ēm->ēma,,,,,,
anīlñē,[N.ST],-īlñē-,,āo-,sāo,ōþ->ōþa,ōr->rxe,,,,,,
anīlpe,[N.ST],-īlp-,,en-,λen,lñ->lñe,īc->īca,,,,,,
anīllāri,[N.CO],-īllār-,,āw-,āwa,oλ->oλa,ām->āma,,,,,,
anīlle,[N.ST],-īll-,,āl-,āla,sr->sre,ūp->ūpa,,,,,,
anīλa,[N.ST],-īλ-,,ōr-,ōra,ēh->ēha,rs->rse,,,,,,
anīλīki,[N.CO],-īλīk-,,en-,len,ññ->ññe,ms->mse,,,,,,
anīña,[N.ST],-īñ-,,ēλ-,ēλa,cō->acō,ot->ota,,,,,,
anīrān,[N.ST],-īrān-,,nā-,nnā,āc->āca,īj->wiē,,,,,,
anīrien,[N.ST],-īrien-,,en-,ren,āl->sāl,ar->ara,,,,,,
anīsa,[N.ST],-īs-,,ēr-,ēra,rā->nrā,sk->ske,,,,,,
anīsōra,[N.ST],-īsōr-,,en-,pen,en->ŋen,,,,,,,
anīsse,[N.ST],-īss-,,ēw-,ēwa,pp->ppe,,,,,,,
anīstīli,[N.CO],-īstīl-,,īk-,īke,el->ela,,,,,,,
anīþa,[N.ST],-īþ-,,āj-,hāe,ŋŋ->ŋŋe,,,,,,,
aniēxa,[N.ST],-iēx-,,al-,mal,eþ->eþa,,,,,,,
anjāēl,[N.ST],-jāēl-,,en-,ñen,rō->nrō,,,,,,,
anjāri,[N.CO],-jār-,,il-,lil,ōl->lōl,,,,,,,
anjēlti,[N.CO],-jēlt-,,īþ-,īþa,ēñ->ūēñ,,,,,,,
anjēren,[N.ST],-jēren-,,īw-,īwa,ūs->ūsa,,,,,,,
anjīlne,[N.ST],-jīln-,,īk-,īke,ār->lār,,,,,,,
anjīlŋūn,[N.ST],-jīlŋūn-,,āl-,rāl,īr->īra,,,,,,,
anjōlen,[N.ST],-jōlen-,,et-,eta,ie->ien,,,,,,,
anjūta,[N.ST],-jūt-,,rj-,rja,ūr->ūra,,,,,,,
ankāēl,[N.ST],-kāēl-,,nt-,nte,ūn->rūn,,,,,,,
ankāllen,[N.ST],-kāllen-,,ll-,lle,en->ken,,,,,,,
ankālli,[N.CO],-kāll-,,rj-,rja,nr->nre,,,,,,,
ankāna,[N.ST],-kān-,,lā-,nlā,āñ->āña,,,,,,,
ankāpa,[N.ST],-kāp-,,īk-,īke,īñ->wīñ,,,,,,,
ankāra,[N.ST],-kār-,,en-,men,ie->pie,,,,,,,
ankāwwi,[N.CO],-kāww-,,ōλ-,ōλa,ēp->ēpa,,,,,,,
ankāelle,[N.ST],-kāell-,,ēj-,ēie,ōx->ōxa,,,,,,,
ankāonte,[N.ST],-kāont-,,nn-,nne,tū->ntū,,,,,,,
ankāora,[N.ST],-kāor-,,nt-,nte,āj->þāe,,,,,,,
ankecōna,[N.ST],-kecōn-,,is-,isa,mm->mme,,,,,,,
ankehār,[N.ST],-kehār-,,rt-,rte,rn->rne,,,,,,,
ankehāri,[N.CO],-kehār-,,lō-,nlō,ōs->ōsa,,,,,,,
ankelōren,[N.ST],-kelōren-,,ln-,lne,on->āon,,,,,,,
ankeλēten,[N.ST],-keλēten-,,kk-,kke,ūl->ūla,,,,,,,
ankepōla,[N.ST],-kepōl-,,nn-,nne,āj->lāe,,,,,,,
ankesāo,[N.ST],-kesāo-,,ōr-,ōra,xē->nxē,,,,,,,
anketāλen,[N.ST],-ketāλen-,,āl-,rāl,ēþ->ēþa,,,,,,,
ankeþāwa,[N.ST],-keþāw-,,lū-,nlū,en->wen,,,,,,,
ankewāla,[N.ST],-kewāl-,,īk-,īke,ōw->ōwa,,,,,,,
ankewōra,[N.ST],-kewōr-,,al-,mal,ōr->ēōr,,,,,,,
ankēji,[N.CO],-kēj-,,nt-,nte,xk->xke,,,,,,,
ankēlen,[N.ST],-kēlen-,,ūñ-,ūña,ol->ola,,,,,,,
ankēλa,[N.ST],-kēλ-,,iþ-,iþa,lw->lwe,,,,,,,
ankēnnā,[N.ST],-kēnnā-,,āh-,āha,er->era,,,,,,,
ankēōren,[N.ST],-kēōren-,,nn-,nne,lm->lme,,,,,,,
ankēra,[N.ST],-kēr-,,āt-,āta,ās->āsa,,,,,,,
ankērrāoni,[N.CO],-kērrāon-,,en-,ten,cē->acē,,,,,,,
ankēspen,[N.ST],-kēspen-,,on-,ona,ēs->ēsa,,,,,,,
ankēwa,[N.ST],-kēw-,,īk-,īke,hā->ahā,,,,,,,
ankēwīke,[N.ST],-kēwīk-,,āλ-,āλa,am->tam,,,,,,,
ankiwōrsi,[N.CO],-kiwōrs-,,en-,ena,hē->ahē,,,,,,,
ankīhāe,[N.ST],-kīhāj-,,nn-,nne,an->ran,,,,,,,
ankīmmal,[N.ST],-kīmmal-,,ie-,kie,kā->akā,,,,,,,
ankīmmal ancōra,[N.ST],-cōr--kīmmal-,,rw-,rwe,xt->xte,,,,,,,
ankīmmal annēūñ,[N.ST],-kīmmal--nēūñ-,,ēλ-,ēλa,īñ->līñ,,,,,,,
ankīmmal antāste,[N.ST],-kīmmal--tāst-,,ēx-,ēxa,al->ala,,,,,,,
ankīñen,[N.ST],-kīñen-,,īñ-,rīñ,rþ->rþe,,,,,,,
ankīrelil,[N.ST],-kīrelil-,,ōm-,ōma,oþ->oþa,,,,,,,
ankīþa,[N.ST],-kīþ-,,ōr-,ōra,iē->kiē,,,,,,,
ankīwa,[N.ST],-kīw-,,ōr-,ōra,kō->akō,,,,,,,
ankīwīke,[N.ST],-kīwīk-,,nt-,nte,ōr->nōr,,,,,,,
ankiēnarrāni,[N.CO],-kiēnarrān-,,ūñ-,ūña,īñ->āīñ,,,,,,,
ankōccelli,[N.CO],-kōccell-,,pr-,pre,ñū->āñū,,,,,,,
ankōrāl,[N.ST],-kōrāl-,,ār-,āra,ie->ren,,,,,,,
ankōreta,[N.ST],-kōret-,,rm-,rme,en->āen,,,,,,,
ankōrja,[N.ST],-kōrj-,,ēl-,ēla,en->þen,,,,,,,
ankūñante,[N.ST],-kūñant-,,āþ-,āþa,ūh->ūha,,,,,,,
ankūñīlle,[N.ST],-kūñīll-,,ūñ-,ēūñ,mā->amā,,,,,,,
ankūrja,[N.ST],-kūrj-,,en-,sen,nw->nwe,,,,,,,
anlā,[N.ST],-lā-,,tt-,tte,en->hen,,,,,,,
anlāīke,[N.ST],-lāīk-,,nō-,nnō,es->esa,,,,,,,
anlāmen,[N.ST],-lāmen-,,lx-,lxe,īk->īka,,,,,,,
anlāsi,[N.CO],-lās-,,wr-,wre,mū->amū,,,,,,,
anlelōλa,[N.ST],-lelōλ-,,ōñ-,ōña,āe->nāe,,,,,,,
anlēci,[N.CO],-lēc-,,āl-,ūāl,ēm->ēma,,,,,,,
anlēie,[N.ST],-lēj-,,āk-,āka,ñū->ññū,,,,,,,
anlēλōnne,[N.ST],-lēλōnn-,,kk-,kke,ōr->rxe,,,,,,,
anlīnte,[N.ST],-līnt-,,iw-,iwa,ŋō->aŋō,,,,,,,
anlīnnisa,[N.ST],-līnnis-,,ēj-,ēie,pē->apē,,,,,,,
anlīrte,[N.ST],-līrt-,,āj-,nāe,nō->rnō,,,,,,,
anlō,[N.ST],-lō-,,lt-,lte,īc->īca,,,,,,,
anlōcelne,[N.ST],-lōceln-,,ēk-,ēka,ān->lān,,,,,,,
anlōki,[N.CO],-lōk-,,cc-,cce,ēl->ūēl,,,,,,,
anlōkke,[N.ST],-lōkk-,,ūn-,ūna,ōn->lōn,,,,,,,
anlōnne,[N.ST],-lōnn-,,ŋā-,nŋā,īñ->cīñ,,,,,,,
anlōra,[N.ST],-lōr-,,ōþ-,ōþa,ām->āma,,,,,,,
anlōrāl,[N.ST],-lōrāl-,,ūt-,ūta,ūp->ūpa,,,,,,,
anlū,[N.ST],-lū-,,lñ-,lñe,ōl->mōl,,,,,,,
anlūāni,[N.CO],-lūān-,,lt-,lte,ēn->ñēn,,,,,,,
anlūi,[N.CO],-lū-,,en-,men,ōñ->rōñ,,,,,,,
anlūīke,[N.ST],-lūīk-,,ōn-,ōna,ēn->tēn,,,,,,,
anlūnemal,[N.ST],-lūnemal-,,ōn-,ōna,an->nan,,,,,,,
anlūnte,[N.ST],-lūnt-,,rr-,rre,ēr->mēr,,,,,,,
anlūña,[N.ST],-lūñ-,,oλ-,oλa,ar->nar,,,,,,,
anlūŋŋiþa,[N.ST],-lūŋŋiþ-,,īw-,īwe,ān->īān,,,,,,,
anλāha,[N.ST],-λāh-,,sr-,sre,rs->rse,,,,,,,
anλānne,[N.ST],-λānn-,,ēh-,ēha,tū->atū,,,,,,,
anλāta,[N.ST],-λāt-,,nn-,nne,ms->mse,,,,,,,
anλāten,[N.ST],-λāten-,,ss-,sse,ot->ota,,,,,,,
anλāona,[N.ST],-λāon-,,ēx-,ēxa,#N/A,,,,,,,
anλāonīke,[N.ST],-λāonīk-,,en-,ena,wā->awā,,,,,,,
anmāλa,[N.ST],-māλ-,,īñ-,īña,āñ->rāñ,,,,,,,
anmāni,[N.CO],-mān-,,ōh-,ōha,āe->wāe,,,,,,,
anmārena,[N.ST],-māren-,,ōl-,ōla,el->āel,,,,,,,
anmārienne,[N.ST],-mārienn-,,ññ-,ññe,āl->nāl,,,,,,,
anmārwakie,[N.ST],-mārwakie-,,nn-,nne,īj->wiē,,,,,,,
anmārwe,[N.ST],-mārw-,,tt-,tte,we->īwe,,,,,,,
anmārwi,[N.CO],-mārw-,,cō-,acō,on->lon,,,,,,,
anmāe,[N.CO],-mā-,,īs-,īsa,ar->ara,,,,,,,
anmēλa,[N.ST],-mēλ-,,āc-,āca,el->xel,,,,,,,
anmēpi,[N.CO],-mēp-,,āl-,sāl,ēn->iēn,,,,,,,
anmēssi,[N.CO],-mēss-,,rā-,nrā,ōr->sōr,,,,,,,
anmētti,[N.CO],-mētt-,,ēl-,āēl,ār->wār,,,,,,,
anmēxa,[N.ST],-mēx-,,āk-,āka,tū->stū,,,,,,,
anmīrīñ,[N.ST],-mīrīñ-,,el-,rel,ōl->jōl,,,,,,,
anmōma,[N.ST],-mōm-,,īk-,īke,sk->ske,,,,,,,
anmōra,[N.ST],-mōr-,,en-,ŋen,>,,,,,,,
anmōra,[N.ST],-mōr-,,pp-,ppe,,,,,,,,
anmūnte,[N.ST],-mūnt-,,el-,ela,,,,,,,,
anmūña,[N.ST],-mūñ-,,on-,ona,,,,,,,,
annāmmi,[N.CO],-nāmm-,,ēλ-,ēλa,,,,,,,,
annāpre,[N.ST],-nāpr-,,ēh-,ēha,,,,,,,,
annāra,[N.ST],-nār-,,ŋŋ-,ŋŋe,,,,,,,,
annāri,[N.CO],-nār-,,sp-,spe,,,,,,,,
annārme,[N.ST],-nārm-,,ēw-,ēwa,,,,,,,,
annēla,[N.ST],-nēl-,,ēn-,ēna,,,,,,,,
annēmāþa,[N.ST],-nēmāþ-,,eþ-,eþa,,,,,,,,
annēūñ,[N.ST],-nēūñ-,,rō-,nrō,,,,,,,,
annīli,[N.CO],-nīl-,,ōl-,lōl,,,,,,,,
annīsen,[N.ST],-nīsen-,,ēñ-,ūēñ,,,,,,,,
annītte,[N.ST],-nītt-,,ūn-,ūna,,,,,,,,
annō,[N.ST],-nō-,,ūs-,ūsa,,,,,,,,
annōlxe,[N.ST],-nōlx-,,ss-,sse,,,,,,,,
annōlxēwre,[N.ST],-nōlxēwr-,,en-,ren,,,,,,,,
annōña,[N.ST],-nōñ-,,ār-,lār,,,,,,,,
annūāl,[N.ST],-nūāl-,,āt-,āta,,,,,,,,
anñāka,[N.ST],-ñāk-,,wr-,wre,,,,,,,,
anñākke,[N.ST],-ñākk-,,en-,len,,,,,,,,
anñāntiwa,[N.ST],-ñāntiw-,,ln-,lne,,,,,,,,
anñēie,[N.ST],-ñēj-,,ēñ-,ēña,,,,,,,,
anñēīki,[N.CO],-ñēīk-,,īw-,īwe,,,,,,,,
anñēnāe,[N.ST],-ñēnāj-,,rr-,rre,,,,,,,,
anñicālte,[N.ST],-ñicālt-,,īñ-,īña,,,,,,,,
anñinēka,[N.ST],-ñinēk-,,īr-,īra,,,,,,,,
anñōcce,[N.ST],-ñōcc-,,ie-,ien,,,,,,,,
anñūna,[N.ST],-ñūn-,,īþ-,īþa,,,,,,,,
anŋā,[N.ST],-ŋā-,,īw-,īwa,,,,,,,,
anŋōþa,[N.ST],-ŋōþ-,,et-,eta,,,,,,,,
anŋūta,[N.ST],-ŋūt-,,ōh-,ōha,,,,,,,,
anōlñe,[N.ST],-ōlñ-,,en-,nen,,,,,,,,
anōlte,[N.ST],-ōlt-,,ūr-,ūra,,,,,,,,
anōmen,[N.ST],-ōmen-,,ll-,lle,,,,,,,,
anōna,[N.ST],-ōn-,,īw-,īwa,,,,,,,,
anōnōna,[N.ST],-ōnōn-,,en-,ren,,,,,,,,
anōrre,[N.ST],-ōrr-,,ūn-,rūn,,,,,,,,
anpālloλa,[N.ST],-pālloλ-,,īw-,īwe,,,,,,,,
anpālloλīwe,[N.ST],-pālloλīw-,,ŋŋ-,ŋŋe,,,,,,,,
anpāsre,[N.ST],-pāsr-,,āk-,āka,,,,,,,,
anpāwi,[N.CO],-pāw-,,en-,ken,,,,,,,,
anpēha,[N.ST],-pēh-,,āλ-,āλa,,,,,,,,
anpēnne,[N.ST],-pēnn-,,ss-,sse,,,,,,,,
anpēsse,[N.ST],-pēss-,,ān-,āna,,,,,,,,
anpēwi,[N.CO],-pēw-,,nr-,nre,,,,,,,,
anpēxa,[N.ST],-pēx-,,āñ-,āña,,,,,,,,
anpēxena,[N.ST],-pēxen-,,ŋŋ-,ŋŋe,,,,,,,,
anpīña,[N.ST],-pīñ-,,ār-,āra,,,,,,,,
anpōha,[N.ST],-pōh-,,st-,ste,,,,,,,,
anpōla,[N.ST],-pōl-,,āw-,āwa,,,,,,,,
anpōññe,[N.ST],-pōññ-,,īñ-,wīñ,,,,,,,,
anpūnne,[N.ST],-pūnn-,,āx-,āxa,,,,,,,,
anpūtte,[N.ST],-pūtt-,,ll-,lle,,,,,,,,
anracō,[N.ST],-racō-,,nt-,nte,,,,,,,,
anranīsa,[N.ST],-ranīs-,,ll-,lle,,,,,,,,
anrañāca,[N.ST],-rañāc-,,ēl-,ēla,,,,,,,,
anrasāl,[N.ST],-rasāl-,,en-,len,,,,,,,,
anrā,[N.ST],-rā-,,nt-,nte,,,,,,,,
anrāēl,[N.ST],-rāēl-,,nā-,nnā,,,,,,,,
anrāka,[N.ST],-rāk-,,ie-,pie,,,,,,,,
anrākerel,[N.ST],-rākerel-,,en-,nen,,,,,,,,
anrākīke,[N.ST],-rākīk-,,ēñ-,ēña,,,,,,,,
anrāŋŋen,[N.ST],-rāŋŋen-,,ex-,exa,,,,,,,,
anrāppe,[N.ST],-rāpp-,,ēp-,ēpa,,,,,,,,
anrāela,[N.ST],-rāel-,,sp-,spe,,,,,,,,
anrāela anlō,[N.ST],-lō--rāel-,,ēt-,ēta,,,,,,,,
anrāela annēūñ,[N.ST],-nēūñ--rāel-,,wr-,wre,,,,,,,,
anrāela antāste,[N.ST],-rāel--tāst-,,ēl-,ēla,,,,,,,,
anrāeli anwūli,[N.CO],-rāel--wūl-,,en-,len,,,,,,,,
anrāona,[N.ST],-rāon-,,en-,ren,,,,,,,,
anrewēλa,[N.ST],-rewēλ-,,rj-,rja,,,,,,,,
anrēha,[N.ST],-rēh-,,ōx-,ōxa,,,,,,,,
anrēli,[N.CO],-rēl-,,tū-,ntū,,,,,,,,
anrēli anhēi,[N.PHR],-hē--rēl-,,ūm-,ūma,,,,,,,,
anrēŋŋe,[N.ST],-rēŋŋ-,,ll-,lle,,,,,,,,
anrēspe,[N.ST],-rēsp-,,rj-,rja,,,,,,,,
anrēwa,[N.ST],-rēw-,,tt-,tte,,,,,,,,
anrēxi,[N.CO],-rēx-,,āl-,āla,,,,,,,,
anriēna,[N.ST],-riēn-,,rr-,rre,,,,,,,,
anriēnneþa,[N.ST],-riēnneþ-,,āj-,þāe,,,,,,,,
anrō,[N.ST],-rō-,,mm-,mme,,,,,,,,
anrōli,[N.CO],-rōl-,,rn-,rne,,,,,,,,
anrōllōl,[N.ST],-rōllōl-,,ōs-,ōsa,,,,,,,,
anrūēñ,[N.ST],-rūēñ-,,ūs-,ūsa,,,,,,,,
anrūna,[N.ST],-rūn-,,ūm-,ūma,,,,,,,,
anrūsa,[N.ST],-rūs-,,ūñ-,ūña,,,,,,,,
anrūsīsse,[N.ST],-rūsīss-,,ūr-,ūra,,,,,,,,
ansāknenūren,[N.ST],-sāknenūren-,,en-,nen,,,,,,,,
ansālār,[N.ST],-sālār-,,nt-,nte,,,,,,,,
ansāta,[N.ST],-sāt-,,on-,āon,,,,,,,,
ansāwre,[N.ST],-sāwr-,,īw-,īwe,,,,,,,,
ansekāllen,[N.ST],-sekāllen-,,lt-,lte,,,,,,,,
ansēli,[N.CO],-sēl-,,ān-,āna,,,,,,,,
ansēlne,[N.ST],-sēln-,,ññ-,ññe,,,,,,,,
ansēña,[N.ST],-sēñ-,,īw-,īwe,,,,,,,,
ansēñīwe,[N.ST],-sēñīw-,,ār-,āra,,,,,,,,
ansērre,[N.ST],-sērr-,,hē-,ehē,,,,,,,,
ansīña,[N.ST],-sīñ-,,ēl-,ēla,,,,,,,,
ansīra,[N.ST],-sīr-,,ēh-,ēha,,,,,,,,
ansīrien,[N.ST],-sīrie-,,ēλ-,ēλa,,,,,,,,
ansīþa,[N.ST],-sīþ-,,ŋŋ-,ŋŋe,,,,,,,,
ansīwa,[N.ST],-sīw-,,īw-,īwa,,,,,,,,
ansīweta,[N.ST],-sīwet-,,ēr-,ēra,,,,,,,,
ansīweta ancēlne,[N.ST],-cēln--sīwet-,,ōr-,ōra,,,,,,,,
ansīweta ancōra,[N.ST],-cōr--sīwet-,,ūl-,ūla,,,,,,,,
ansōha,[N.ST],-sōh-,,et-,eta,,,,,,,,
ansōnen,[N.ST],-sōnen-,,ūñ-,ūña,,,,,,,,
ansūra,[N.ST],-sūr-,,āj-,lāe,,,,,,,,
antakālle,[N.ST],-takāll-,,ār-,āra,,,,,,,,
antakīwa,[N.ST],-takīw-,,nn-,nne,,,,,,,,
antalōren,[N.ST],-talōren-,,on-,ona,,,,,,,,
antarūn,[N.ST],-tarūn-,,xē-,nxē,,,,,,,,
antarūnīwe,[N.ST],-tarūnīw-,,ēj-,ēie,,,,,,,,
antatēŋŋe,[N.ST],-tatēŋŋ-,,ēl-,ēla,,,,,,,,
antawōri,[N.CO],-tawōr-,,ll-,lle,,,,,,,,
antaxōni,[N.CO],-taxōn-,,ēþ-,ēþa,,,,,,,,
antāka,[N.ST],-tāk-,,al-,mal,,,,,,,,
antāken,[N.ST],-tāken-,,ēw-,ēwa,,,,,,,,
antāλa,[N.ST],-tāλ-,,wr-,wre,,,,,,,,
antāλisse,[N.ST],-tāλiss-,,īl-,īla,,,,,,,,
antāmāe,[N.CO],-tāmā-,,īw-,īwa,,,,,,,,
antāna,[N.ST],-tān-,,ēn-,ēna,,,,,,,,
antānre,[N.ST],-tānr-,,ōλ-,ōλa,,,,,,,,
antāña,[N.ST],-tāñ-,,nn-,nne,,,,,,,,
antāŋŋe,[N.ST],-tāŋŋ-,,on-,āon,,,,,,,,
antāra,[N.ST],-tār-,,ōs-,ōsa,,,,,,,,
antārranni,[N.CO],-tārrann-,,ūn-,ūna,,,,,,,,
antāste,[N.ST],-tāst-,,nt-,nte,,,,,,,,
antāwa,[N.ST],-tāw-,,ññ-,ññe,,,,,,,,
antāwīñ,[N.ST],-tāwīñ-,,en-,wen,,,,,,,,
antāxa,[N.ST],-tāx-,,ōw-,ōwa,,,,,,,,
antāelle,[N.ST],-tāell-,,ūt-,ūta,,,,,,,,
antāonte,[N.ST],-tāont-,,āp-,āpa,,,,,,,,
antesēlle,[N.ST],-tesēll-,,ōn-,ōna,,,,,,,,
antēla,[N.ST],-tēl-,,ār-,āra,,,,,,,,
antēlen,[N.ST],-tēlen-,,ōr-,ēōr,,,,,,,,
antēleni,[N.CO],-tēlen-,,ēr-,ēra,,,,,,,,
antēnte,[N.ST],-tēnt-,,en-,men,,,,,,,,
antēnnā,[N.ST],-tēnnā-,,xk-,xke,,,,,,,,
antēnnāpie,[N.ST],-tēnnāpie-,,ēw-,ēwa,,,,,,,,
antēnnen,[N.ST],-tēnnen-,,ol-,ola,,,,,,,,
antēnni,[N.CO],-tēnn-,,lw-,lwe,,,,,,,,
antēña,[N.ST],-tēñ-,,er-,era,,,,,,,,
antēññexa,[N.ST],-tēññex-,,ss-,sse,,,,,,,,
antēpa,[N.ST],-tēp-,,er-,era,,,,,,,,
antēspe,[N.ST],-tēsp-,,ēþ-,ēþa,,,,,,,,
antēta,[N.ST],-tēt-,,mm-,mme,,,,,,,,
antēwre,[N.ST],-tēwr-,,āc-,āca,,,,,,,,
antīñi,[N.CO],-tīñ-,,ēl-,āēl,,,,,,,,
antiēla,[N.ST],-tiēl-,,āl-,āla,,,,,,,,
antiēlen,[N.ST],-tiēlen-,,lm-,lme,,,,,,,,
antiēleni,[N.CO],-tiēlen-,,ān-,āna,,,,,,,,
antōli,[N.CO],-tōl-,,ās-,āsa,,,,,,,,
antōrren,[N.ST],-tōrren-,,āt-,āta,,,,,,,,
antōrja,[N.ST],-tōrj-,,āw-,āwa,,,,,,,,
antōxa,[N.ST],-tōx-,,on-,ona,,,,,,,,
antū,[N.ST],-tū-,,or-,ora,,,,,,,,
antūma,[N.ST],-tūm-,,cē-,acē,,,,,,,,
antūmīlle,[N.ST],-tūmīll-,,ēh-,ēha,,,,,,,,
antūrja,[N.ST],-tūrj-,,ēl-,ēla,,,,,,,,
antūtte,[N.ST],-tūtt-,,pp-,ppe,,,,,,,,
anþāla,[N.ST],-þāl-,,rj-,rja,,,,,,,,
anþārre,[N.ST],-þārr-,,st-,ste,,,,,,,,
anþāe,[N.ST],-þāj-,,ār-,tār,,,,,,,,
anþēŋŋeni,[N.CO],-þēŋŋen-,,ēx-,ēxa,,,,,,,,
anþēwri,[N.CO],-þēwr-,,īw-,īwe,,,,,,,,
anþīmme,[N.ST],-þīmm-,,īl-,īla,,,,,,,,
anþīrne,[N.ST],-þīrn-,,lr-,lre,,,,,,,,
anþōsa,[N.ST],-þōs-,,īm-,īma,,,,,,,,
anþūsa,[N.ST],-þūs-,,īr-,īra,,,,,,,,
anūlmi,[N.CO],-ūlm-,,rt-,rte,,,,,,,,
anūma,[N.ST],-ūm-,,ēs-,ēsa,,,,,,,,
anūña,[N.ST],-ūñ-,,ōl-,ōla,,,,,,,,
anūra,[N.ST],-ūr-,,ōñ-,ōña,,,,,,,,
anūri,[N.CO],-ūr-,,ōr-,ōra,,,,,,,,
anwasōnen,[N.ST],-wasōnen-,,rr-,rre,,,,,,,,
anwatōnte,[N.ST],-watōnt-,,ūt-,ūta,,,,,,,,
anwaxāon,[N.ST],-waxāon-,,en-,ten,,,,,,,,
anwālīwe,[N.ST],-wālīw-,,hā-,ahā,,,,,,,,
anwālte,[N.ST],-wālt-,,āc-,āca,,,,,,,,
anwāna,[N.ST],-wān-,,hh-,hhe,,,,,,,,
anwāññe,[N.ST],-wāññ-,,nt-,nte,,,,,,,,
anwāññīwe,[N.ST],-wāññīw-,,am-,tam,,,,,,,,
anwāra,[N.ST],-wār-,,āþ-,āþa,,,,,,,,
anwehē,[N.ST],-wehē-,,āw-,āwa,,,,,,,,
anwetēla,[N.ST],-wetēl-,,en-,ien,,,,,,,,
anwēha,[N.ST],-wēh-,,ie-,ien,,,,,,,,
anwēlrienāli,[N.CO],-wēlrienāl-,,wr-,wre,,,,,,,,
anwēλa,[N.ST],-wēλ-,,āx-,āxa,,,,,,,,
anwēni,[N.CO],-wēn-,,hē-,ahē,,,,,,,,
anwīreŋŋe,[N.ST],-wīreŋŋ-,,nt-,nte,,,,,,,,
anwīþþēñi,[N.CO],-wīþþēñ-,,ēñ-,ēña,,,,,,,,
anwīwa,[N.ST],-wīw-,,ūn-,ŋūn,,,,,,,,
anwiēra,[N.ST],-wiēr-,,ēr-,ēra,,,,,,,,
anwōra,[N.ST],-wōr-,,īl-,īla,,,,,,,,
anwūla,[N.ST],-wūl-,,rr-,rre,,,,,,,,
anwūleta,[N.ST],-wūlet-,,el-,rel,,,,,,,,
anwūlīñi,[N.CO],-wūlīñ-,,ōh-,ōha,,,,,,,,
anwūña,[N.ST],-wūñ-,,an-,ran,,,,,,,,
anxāhi,[N.CO],-xāh-,,ōλ-,ōλa,,,,,,,,
anxālāe,[N.ST],-xālāj-,,en-,λen,,,,,,,,
anxāra,[N.ST],-xār-,,ōs-,ōsa,,,,,,,,
anxārrāonīki,[N.CO],-xārrāonīk-,,ūm-,ūma,,,,,,,,
anxāenne,[N.ST],-xāenn-,,ūn-,ūna,,,,,,,,
anxāona,[N.ST],-xāon-,,ūñ-,ūña,,,,,,,,
anxē,[N.ST],-xē-,,ūw-,ūwa,,,,,,,,
anxēie,[N.ST],-xēj-,,āl-,āla,,,,,,,,
anxēīki,[N.CO],-xēīk-,,ār-,āra,,,,,,,,
anxēla,[N.ST],-xēl-,,ēl-,ēla,,,,,,,,
anxēlle,[N.ST],-xēll-,,ēλ-,ēλa,,,,,,,,
anxēnēli,[N.CO],-xēnēl-,,ēr-,ēra,,,,,,,,
anxēri,[N.CO],-xēr-,,ln-,lne,,,,,,,,
anxēþa,[N.ST],-xēþ-,,ūn-,ŋūn,,,,,,,,
anxēþemal,[N.ST],-xēþemal-,,īm-,īma,,,,,,,,
anxēwa,[N.ST],-xēw-,,īr-,īra,,,,,,,,
anxēwi,[N.CO],-xēw-,,st-,ste,,,,,,,,
anxēwre,[N.ST],-xēwr-,,ōþ-,ōþa,,,,,,,,
anxēxi,[N.CO],-xēx-,,ūn-,ūna,,,,,,,,
anxīla,[N.ST],-xīl-,,nn-,nne,,,,,,,,
anxīññeni,[N.CO],-xīññen-,,nn-,nne,,,,,,,,
anxīwa,[N.ST],-xīw-,,kā-,akā,,,,,,,,
anxiēna,[N.ST],-xiēn-,,āc-,āca,,,,,,,,
anxōλa,[N.ST],-xōλ-,,ēl-,āēl,,,,,,,,
anxōni,[N.CO],-xōn-,,ār-,āra,,,,,,,,
anxōnne,[N.ST],-xōnn-,,xt-,xte,,,,,,,,
anxōññāon,[N.ST],-xōññāon-,,īñ-,līñ,,,,,,,,
anxōsa,[N.ST],-xōs-,,al-,ala,,,,,,,,
anxūna,[N.ST],-xūn-,,ōn-,ōna,,,,,,,,
anxūnte,[N.ST],-xūnt-,,rj-,rja,,,,,,,,
anxūri,[N.CO],-xūr-,,en-,ren,,,,,,,,
annārpīññe,[N.ST],-nārpīññ-,,en-,ten,,,,,,,,
ā,[N.DEF],-ā-,,āk-,āka,,,,,,,,
ālū,[NUM],-ālū-,,āo-,sāo,,,,,,,,
āllaral,[NUM],-āllaral-,,āl-,āla,,,,,,,,
ālle,[NUM],-āll-,,en-,ren,,,,,,,,
āllōr,[NUM],-āllōr-,,ōs-,ōsa,,,,,,,,
āmme,[NUM],-āmm-,,ēl-,ēla,,,,,,,,
āmmōr,[NUM],-āmmōr-,,nā-,nnā,,,,,,,,
ān,[NUM],-ān-,,ēñ-,ēña,,,,,,,,
āniþ,[NUM],-ān-,,rþ-,rþe,,,,,,,,
ānor,[NUM],-ānor-,,oþ-,oþa,,,,,,,,
ānor atē,[NUM],-ānor--tē-,,st-,ste,,,,,,,,
ānor aþāmme,[NUM],-āmm--ānor-,,tt-,tte,,,,,,,,
ānor aþān,[NUM],-ān--ānor-,,ēþ-,ēþa,,,,,,,,
ānor aþēnne,[NUM],-ānor--ēnn-,,īk-,īke,,,,,,,,
ānor aþōnne,[NUM],-ānor--ōnn-,,īm-,īma,,,,,,,,
ānor awījte,[NUM],-ānor--wījtē-,,nt-,nte,,,,,,,,
ānor awīor,[NUM],-ānor--wīor-,,īñ-,īña,,,,,,,,
ānoru,[NUM],-ānoru-,,en-,ñen,,,,,,,,
ānoru aþāllōr,[NUM],-āllōr--ānoru-,,il-,lil,,,,,,,,
ānoru aþōr,[NUM],-ānoru--ōr-,,en-,ren,,,,,,,,
ānnalon,[N.DEF],-ānnalon-,,īþ-,īþa,,,,,,,,
āral,[NUM],-āral-,,iē-,kiē,,,,,,,,
āral aþān,[NUM],-ān--āral-,,ās-,āsa,,,,,,,,
āral aþēnne,[NUM],-āral--ēnn-,,kō-,akō,,,,,,,,
āral awījte,[NUM],-āral--wījtē-,,ōn-,ōna,,,,,,,,
āralu,[NUM],-āralu-,,ōr-,nōr,,,,,,,,
ārū,[NUM],-ārū-,,nt-,nte,,,,,,,,
ārū aþān,[NUM],-ān--ārū-,,ll-,lle,,,,,,,,
ārū aþēnne,[NUM],-ārū--ēnn-,,rj-,rja,,,,,,,,
ārre,[NUM],-ārr-,,īñ-,āīñ,,,,,,,,
cē,[N.DEF],-cē-,,āk-,āka,,,,,,,,
ē,[N.DEF],-ē-,,īk-,īke,,,,,,,,
ēnnaral,[NUM],-ēnnaral-,,ān-,āna,,,,,,,,
ēnne,[NUM],-ēnn-,,ñū-,āñū,,,,,,,,
ēnnoru,[NUM],-ēnnoru-,,ār-,āra,,,,,,,,
ēnnoru aþēnnor,[NUM],-ēnnoru--ēnnōr-,,ās-,āsa,,,,,,,,
ēnnōr,[NUM],-ēnnōr-,,an-,ran,,,,,,,,
hē,[N.DEF],-hē-,,ie-,ren,,,,,,,,
anhēwen,[N.ST],-hēwen-,,īk-,īke,,,,,,,,
jahōwa,[N.SG],-hōw-,,āj-,lāe,,,,,,,,
anhē ŋō,[N.PHR],-hē--ŋō-,,eþ-,eþa,,,,,,,,
ansōri,[N.CO],-sōr-,,or-,ora,,,,,,,,
anlūta,[N.ST],-lūt-,,en-,āen,,,,,,,,
malūta,[N.AN.SG],-lūt-,,īl-,īla,,,,,,,,
malūtēl,[N.AN.SG],-lūtēl-,,īr-,īra,,,,,,,,
jakāpa,[N.SG],-kāp-,,rr-,rre,,,,,,,,
makāpa,[N.AN.SG],-kāp-,,ss-,sse,,,,,,,,
anlōna,[N.ST],-lōn-,,ēs-,ēsa,,,,,,,,
matēlen,[N.AN.SG],-tēlen-,,ōλ-,ōλa,,,,,,,,
anīlkenāra,[N.ST],-īlkenār-,,ōm-,ōma,,,,,,,,
mīlkenāra,[N.AN.SG],-īlkenār-,,ōn-,ōna,,,,,,,,
annōri,[N.CO],-nōr-,,en-,nen,,,,,,,,
jakēōr,[N.SG],-kēōr-,,ōr-,ōra,,,,,,,,
ankēōri,[N.CO],-kēōr-,,en-,þen,,,,,,,,
ankēōreni,[N.CO],-kēōren-,,rr-,rre,,,,,,,,
anlārri,[N.CO],-lārr-,,ūh-,ūha,,,,,,,,
jaxēra,[N.SG],-xēr-,,īk-,īke,,,,,,,,
jalīmmen,[N.SG],-līmmen-,,an-,ran,,,,,,,,
jāxke,[N.SG],-āxk-,,ūr-,ūra,,,,,,,,
saxēwa,[N.3P],-xēw-,,ūt-,ūta,,,,,,,,
jaxēwa,[N.SG],-xēw-,,on-,ona,,,,,,,,
annāola,[N.ST],-nāol-,,ōm-,ōma,,,,,,,,
janālwe,[N.SG],-nālw-,,mā-,amā,,,,,,,,
annāoli,[N.CO],-nāol-,,ēþ-,ēþa,,,,,,,,
janālnera,[N.SG],-nālner-,,āl-,āla,,,,,,,,
janālnisse,[N.SG],-nālniss-,,ŋŋ-,ŋŋe,,,,,,,,
antāneri,[N.CO],-tāner-,,ār-,āra,,,,,,,,
jatānera,[N.SG],-tāner-,,nn-,nne,,,,,,,,
anmēþa,[N.ST],-mēþ-,,ie-,kie,,,,,,,,
jatāmme,[N.SG],-tāmm-,,rw-,rwe,,,,,,,,
ī,[N.DEF],-ī-,,ās-,āsa,,,,,,,,
iē,[N.DEF],-iē-,,wr-,wre,,,,,,,,
jacāca,[N.SG],-cāc-,,nw-,nwe,,,,,,,,
jacāēl,[N.SG],-cāēl-,,en-,hen,,,,,,,,
jacāha,[N.3P],-cāh-,,es-,esa,,,,,,,,
jacāla,[N.ST],-cāl-,,nr-,nre,,,,,,,,
jacālme,[N.SG],-cālm-,,ēñ-,ēña,,,,,,,,
jacāna,[N.SG],-cān-,,ēþ-,ēþa,,,,,,,,
jacāsa,[N.SG],-cās-,,en-,þen,,,,,,,,
jacāta,[N.SG],-cāt-,,īk-,īka,,,,,,,,
jacāwa,[N.SG],-cāw-,,īr-,īra,,,,,,,,
jacāona,[N.SG],-cāon-,,en-,ten,,,,,,,,
jacāora,[N.SG],-cāor-,,mū-,amū,,,,,,,,
jacē,[N.SG],-cē-,,ūr-,ūra,,,,,,,,
jacēha,[N.SG],-cēh-,,lm-,lme,,,,,,,,
jacēla,[N.SG],-cēl-,,ie-,pie,,,,,,,,
jacēppe,[N.SG],-cēpp-,,ār-,āra,,,,,,,,
jacērja,[N.SG],-cērj-,,āe-,nāe,,,,,,,,
jacēste,[N.SG],-cēst-,,ol-,ola,,,,,,,,
jacētār,[N.SG],-cētār-,,or-,ora,,,,,,,,
jacēxa,[N.SG],-cēx-,,ēm-,ēma,,,,,,,,
jacēxīwe,[N.SG],-cēxīw-,,īr-,īra,,,,,,,,
jacīla,[N.SG],-cīl-,,īs-,īsa,,,,,,,,
jacīlre,[N.SG],-cīlr-,,an-,ran,,,,,,,,
jacīma,[N.SG],-cīm-,,en-,hen,,,,,,,,
jacīra,[N.SG],-cīr-,,ñū-,ññū,,,,,,,,
jacīrte,[N.SG],-cīrt-,,ōr-,rxe,,,,,,,,
jaciēsa,[N.SG],-ciēs-,,tt-,tte,,,,,,,,
jacōla,[N.SG],-cōl-,,ūr-,ūra,,,,,,,,
jacōña,[N.SG],-cōñ-,,ūw-,ūwa,,,,,,,,
jacōra,[N.SG],-cōr-,,en-,nen,,,,,,,,
jacūrre,[N.SG],-cūrr-,,nt-,nte,,,,,,,,
jacūta,[N.SG],-cūt-,,en-,ñen,,,,,,,,
jacūten,[N.SG],-cūten-,,on-,ona,,,,,,,,
jahā,[N.SG],-hā-,,en-,sen,,,,,,,,
jahāca,[N.SG],-hāc-,,ēþ-,ēþa,,,,,,,,
jahāhhe,[N.SG],-hāhh-,,ēk-,ēka,,,,,,,,
jahānte,[N.SG],-hānt-,,ēλ-,ēλa,,,,,,,,
jahāttam,[N.SG],-hāttam-,,īñ-,īña,,,,,,,,
jahāþa,[N.SG],-hāþ-,,ūn-,ūna,,,,,,,,
jahāwa,[N.SG],-hāw-,,ŋō-,aŋō,,,,,,,,
jahāwekien,[N.SG],-hāwekien-,,ōþ-,ōþa,,,,,,,,
jahāwien,[N.SG],-hāwie-,,īr-,īra,,,,,,,,
jahāwre,[N.SG],-hāwr-,,āc-,āca,,,,,,,,
jahāxa,[N.SG],-hāx-,,en-,ien,,,,,,,,
jahē,[N.SG],-hē-,,et-,eta,,,,,,,,
jahēnte,[N.SG],-hēnt-,,pē-,apē,,,,,,,,
jahēña,[N.SG],-hēñ-,,ēh-,ēha,,,,,,,,
jahēŋŋūn,[N.SG],-hēŋŋūn-,,lt-,lte,,,,,,,,
jahēra,[N.SG],-hēr-,,nn-,nne,,,,,,,,
jahīla,[N.SG],-hīl-,,ŋŋ-,ŋŋe,,,,,,,,
jahīllīrre,[N.SG],-hīllīrr-,,ēr-,ēra,,,,,,,,
jahiērel,[N.SG],-hiērel-,,nō-,rnō,,,,,,,,
jahōha,[N.SG],-hōh-,,en-,ren,,,,,,,,
jahōheran,[N.SG],-hōheran-,,īc-,īca,,,,,,,,
jahōλa,[N.SG],-hōλ-,,īl-,īla,,,,,,,,
jahōλen,[N.SG],-hōλen-,,īñ-,īña,,,,,,,,
jahōsa,[N.SG],-hōs-,,ññ-,ññe,,,,,,,,
jahūma,[N.SG],-hūm-,,ēl-,ēla,,,,,,,,
jahūna,[N.SG],-hūn-,,ēr-,ēra,,,,,,,,
jahūña,[N.SG],-hūñ-,,ēþ-,ēþa,,,,,,,,
jahūwa,[N.SG],-hūw-,,en-,þen,,,,,,,,
jajāla,[N.SG],-jāl-,,ōm-,ōma,,,,,,,,
jajāra,[N.SG],-jār-,,ññ-,ññe,,,,,,,,
jajēla,[N.SG],-jēl-,,ēl-,ēla,,,,,,,,
jajēλa,[N.SG],-jēλ-,,ān-,āna,,,,,,,,
jajēra,[N.SG],-jēr-,,ēw-,ēwa,,,,,,,,
jajīlne,[N.SG],-jīln-,,āk-,āka,,,,,,,,
jajīlŋūn,[N.SG],-jīlŋūn-,,āk-,āka,,,,,,,,
jajīma,[N.SG],-jīm-,,ŋŋ-,ŋŋe,,,,,,,,
jajīra,[N.SG],-jīr-,,ŋŋ-,ŋŋe,,,,,,,,
jajōste,[N.SG],-jōst-,,ān-,lān,,,,,,,,
jajōþa,[N.SG],-jōþ-,,ēñ-,ēña,,,,,,,,
jajūna,[N.SG],-jūn-,,ēþ-,ēþa,,,,,,,,
jajūtīnne,[N.SG],-jūtīnn-,,nn-,nne,,,,,,,,
jajūtlānne,[N.SG],-jūtlānn-,,ēl-,ūēl,,,,,,,,
jakā,[N.SG],-kā-,,ōn-,lōn,,,,,,,,
jakāca,[N.SG],-kāc-,,ūn-,ūna,,,,,,,,
jakāēl,[N.SG],-kāēl-,,ūs-,ūsa,,,,,,,,
jakāra,[N.SG],-kār-,,īk-,īke,,,,,,,,
jakāxte,[N.SG],-kāxt-,,īñ-,cīñ,,,,,,,,
jakāellīñ,[N.SG],-kāellīñ-,,āk-,āka,,,,,,,,
jakāenala,[N.SG],-kāenal-,,āl-,āla,,,,,,,,
jakecōna,[N.SG],-kecōn-,,īk-,īke,,,,,,,,
jakekōrja,[N.SG],-kekōrj-,,an-,ran,,,,,,,,
jakelōren,[N.SG],-kelōren-,,ām-,āma,,,,,,,,
jakeλēten,[N.SG],-keλēten-,,rr-,rre,,,,,,,,
jakerāka,[N.SG],-kerāk-,,or-,ora,,,,,,,,
jakesāo,[N.SG],-kesāo-,,īk-,īke,,,,,,,,
jakewāla,[N.SG],-kewāl-,,en-,len,,,,,,,,
jakewīren,[N.SG],-kewīren-,,lk-,lke,,,,,,,,
jakexōsa,[N.SG],-kexōs-,,ln-,lne,,,,,,,,
jakēla,[N.SG],-kēl-,,tt-,tte,,,,,,,,
jakēnnā,[N.SG],-kēnnā-,,ēs-,ēsa,,,,,,,,
jakēña,[N.SG],-kēñ-,,en-,ien,,,,,,,,
jakērþe,[N.SG],-kērþ-,,ēþ-,ēþa,,,,,,,,
jakērroþa,[N.SG],-kērroþ-,,ie-,ien,,,,,,,,
jakēste,[N.SG],-kēst-,,ss-,sse,,,,,,,,
jakētte,[N.SG],-kētt-,,ōr-,ōra,,,,,,,,
jakēþa,[N.SG],-kēþ-,,rt-,rte,,,,,,,,
jakēwīke,[N.SG],-kēwīk-,,ōþ-,ōþa,,,,,,,,
jakīma,[N.SG],-kīm-,,rw-,rwe,,,,,,,,
jakīnte,[N.SG],-kīnt-,,ūn-,ūna,,,,,,,,
jakīña,[N.SG],-kīñ-,,ūp-,ūpa,,,,,,,,
jakīñen,[N.SG],-kīñen-,,er-,era,,,,,,,,
jakīrelil,[N.SG],-kīrelil-,,ōl-,mōl,,,,,,,,
jakīren,[N.SG],-kīren-,,īs-,īsa,,,,,,,,
jakīþa,[N.SG],-kīþ-,,ēn-,ñēn,,,,,,,,
jakiē,[N.SG],-kiē-,,ōñ-,rōñ,,,,,,,,
jakkāsa,[N.ST],-akkās-,,ēñ-,ēña,,,,,,,,
jakō,[N.SG],-kō-,,ēn-,tēn,,,,,,,,
jakōna,[N.SG],-kōn-,,en-,ten,,,,,,,,
jakōnōr,[N.SG],-kōnōr-,,ān-,āna,,,,,,,,
jakūñante,[N.SG],-kūñant-,,an-,nan,,,,,,,,
jakūñīlle,[N.SG],-kūñīll-,,īk-,īke,,,,,,,,
jakūrja,[N.SG],-kūrj-,,āñ-,āña,,,,,,,,
jalāīñ,[N.SG],-lāīñ-,,an-,ran,,,,,,,,
jalāka,[N.SG],-lāk-,,en-,ien,,,,,,,,
jalāmīke,[N.SG],-lāmīk-,,ie-,ien,,,,,,,,
jalāna,[N.SG],-lān-,,ās-,āsa,,,,,,,,
jalāñū,[N.SG],-lāñū-,,en-,ten,,,,,,,,
jalāra,[N.SG],-lār-,,en-,ena,,,,,,,,
jalāsa,[N.SG],-lās-,,on-,ona,,,,,,,,
jalāseran,[N.SG],-lāseran-,,lr-,lre,,,,,,,,
jalātaren,[N.SG],-lātie-,,ēl-,ēla,,,,,,,,
jalāxīke,[N.SG],-lāxīk-,,mm-,mme,,,,,,,,
jalāe,[N.SG],-lāj-,,ēr-,mēr,,,,,,,,
jalāeþa,[N.SG],-lāeþ-,,ēn-,ēna,,,,,,,,
jalāora,[N.SG],-lāor-,,ar-,nar,,,,,,,,
jalerāen,[N.SG],-lerāen-,,en-,nen,,,,,,,,
jalīla,[N.SG],-līl-,,īk-,īke,,,,,,,,
jalīra,[N.SG],-līr-,,ŋŋ-,ŋŋe,,,,,,,,
jalīrre,[N.SG],-līrr-,,ēp-,ēpa,,,,,,,,
jalīsse,[N.SG],-līss-,,ēw-,ēwa,,,,,,,,
jalmēsa,[N.SG],-almēs-,,ān-,īān,,,,,,,,
jalōλa,[N.SG],-lōλ-,,ōm-,ōma,,,,,,,,
jalōma,[N.SG],-lōm-,,ōn-,ōna,,,,,,,,
jalōna,[N.SG],-lōn-,,rs-,rse,,,,,,,,
jalōnen,[N.SG],-lōnen-,,tū-,atū,,,,,,,,
jalōra,[N.SG],-lōr-,,ms-,mse,,,,,,,,
jalōþen,[N.SG],-lōþen-,,ūr-,ūra,,,,,,,,
jalūārre,[N.SG],-lūārr-,,il-,lil,,,,,,,,
jalūha,[N.SG],-lūh-,,st-,ste,,,,,,,,
jalūīke,[N.SG],-lūīk-,,ūt-,ūta,,,,,,,,
jalūīkeran,[N.SG],-lūīkeran-,,āw-,āwa,,,,,,,,
jalūra,[N.SG],-lūr-,,ot-,ota,,,,,,,,
jalūta,[N.SG],-lūt-,,ēλ-,ēλa,,,,,,,,
jaλāona,[N.SG],-λāon-,,ēm-,ēma,,,,,,,,
jaλōnōma,[N.SG],-λōnōm-,,ŋŋ-,ŋŋe,,,,,,,,
jamā,[N.SG],-mā-,,ēr-,ēra,,,,,,,,
jamāēþa,[N.SG],-māēþ-,,īñ-,īña,,,,,,,,
jamāla,[N.SG],-māl-,,ie-,ien,,,,,,,,
jamāŋŋe,[N.SG],-māŋŋ-,,īw-,īwe,,,,,,,,
jamāra,[N.SG],-mār-,,ūn-,ūna,,,,,,,,
jamārienne,[N.SG],-mārienn-,,on-,āon,,,,,,,,
jamārwakie,[N.SG],-mārwakie-,,#N/A,nen,,,,,,,,
jamārwe,[N.SG],-mārw-,,on-,āon,,,,,,,,
jamāsa,[N.SG],-mās-,,wā-,awā,,,,,,,,
jamāwre,[N.SG],-māwr-,,īk-,īke,,,,,,,,
jamāxxanwe,[N.SG],-māxxanw-,,ān-,āna,,,,,,,,
jamāehen,[N.SG],-māehen-,,āñ-,rāñ,,,,,,,,
jamāesa,[N.SG],-māes-,,ās-,āsa,,,,,,,,
jamāonre,[N.SG],-māonr-,,en-,ten,,,,,,,,
jamēña,[N.SG],-mēñ-,,āe-,wāe,,,,,,,,
jamēþa,[N.SG],-mēþ-,,el-,āel,,,,,,,,
jamēþen,[N.SG],-mēþen-,,ēn-,ñēn,,,,,,,,
jamīka,[N.SG],-mīk-,,ēh-,ēha,,,,,,,,
jamīra,[N.SG],-mīr-,,lr-,lre,,,,,,,,
jamōla jīstelon,[N.SG],-īstelon--mōl-,,āl-,nāl,,,,,,,,
jampāenten,[N.SG],-ampāenten-,,īk-,īke,,,,,,,,
jamū,[N.SG],-mū-,,ēr-,ēra,,,,,,,,
jamūra,[N.SG],-mūr-,,īþ-,īþa,,,,,,,,
janāntolme,[N.SG],-nāntolm-,,īj-,wiē,,,,,,,,
janāpie,[N.SG],-nāpie-,,ōl-,ōla,,,,,,,,
janāra,[N.SG],-nār-,,ūñ-,ūña,,,,,,,,
janāe,[N.SG],-nāe-,,ēt-,ēta,,,,,,,,
janāola,[N.SG],-nāol-,,āj-,lāe,,,,,,,,
janāora,[N.SG],-nāor-,,el-,ela,,,,,,,,
janēma,[N.SG],-nēm-,,āl-,nāl,,,,,,,,
janīra,[N.SG],-nīr-,,ēl-,ēla,,,,,,,,
janīsa,[N.SG],-nīs-,,ēt-,ēta,,,,,,,,
janīseran,[N.SG],-nīseran-,,lr-,lre,,,,,,,,
janīttīhen,[N.SG],-nīttīhen-,,ēx-,ēxa,,,,,,,,
janōññū,[N.SG],-nōññū-,,īm-,īma,,,,,,,,
janōrxe,[N.SG],-nōr-,,īk-,īke,,,,,,,,
jantētte,[N.SG],-antētt-,,īr-,īra,,,,,,,,
janūra,[N.SG],-nūr-,,īw-,īwa,,,,,,,,
janūwa,[N.SG],-nūw-,,ēn-,ēna,,,,,,,,
jañānen,[N.SG],-ñānen-,,ōs-,ōsa,,,,,,,,
jañānte,[N.SG],-ñānt-,,an-,ran,,,,,,,,
jañāñen,[N.SG],-ñāñen-,,ūn-,ūna,,,,,,,,
jañāona,[N.SG],-ñāon-,,īk-,īke,,,,,,,,
jañāosen,[N.SG],-ñāosen-,,nt-,nte,,,,,,,,
jañēþa,[N.SG],-ñēþ-,,ūr-,ūra,,,,,,,,
jañinēka,[N.SG],-ñinēk-,,īk-,īke,,,,,,,,
jañiwēλa,[N.SG],-ñiwēλ-,,lm-,lme,,,,,,,,
jañīña,[N.SG],-ñīñ-,,ln-,lne,,,,,,,,
jañūna,[N.SG],-ñūn-,,eh-,eha,,,,,,,,
jaŋō,[N.SG],-ŋō-,,lr-,lre,,,,,,,,
jaŋōþa,[N.SG],-ŋōþ-,,nr-,nre,,,,,,,,
jaŋŋīra,[N.SG],-aŋŋīr-,,an-,ran,,,,,,,,
japāca,[N.SG],-pāc-,,en-,hen,,,,,,,,
japāŋŋien,[N.SG],-pāŋŋien-,,we-,īwe,,,,,,,,
japāsseta,[N.SG],-pāsset-,,nt-,nte,,,,,,,,
japē,[N.SG],-pē-,,on-,lon,,,,,,,,
japēha,[N.SG],-pēh-,,ar-,ara,,,,,,,,
japēlte,[N.SG],-pēlt-,,el-,xel,,,,,,,,
japēnne,[N.SG],-pēnn-,,an-,ran,,,,,,,,
japēŋŋe,[N.SG],-pēŋŋ-,,nn-,nne,,,,,,,,
japēra,[N.SG],-pēr-,,ie-,ien,,,,,,,,
japērnō,[N.SG],-pērnō-,,īk-,īke,,,,,,,,
japērren,[N.SG],-pērren-,,īk-,īke,,,,,,,,
japīca,[N.SG],-pīc-,,āñ-,āña,,,,,,,,
japīla,[N.SG],-pīl-,,ŋŋ-,ŋŋe,,,,,,,,
japīña,[N.SG],-pīñ-,,en-,ren,,,,,,,,
japīññe,[N.SG],-pīññ-,,īñ-,īña,,,,,,,,
japiēla,[N.SG],-piēl-,,ān-,nān,,,,,,,,
japiēra,[N.SG],-piēr-,,āj-,nāe,,,,,,,,
japiēþa,[N.SG],-piēþ-,,ss-,sse,,,,,,,,
japiēþþen,[N.SG],-piēþþen-,,ān-,āna,,,,,,,,
japōma,[N.SG],-pōm-,,ās-,āsa,,,,,,,,
jarapīññe,[N.SG],-rapīññ-,,en-,ren,,,,,,,,
jarasēla,[N.SG],-rasēl-,,āx-,āxa,,,,,,,,
jaratāna,[N.SG],-ratān-,,ss-,sse,,,,,,,,
jaraxēwa,[N.SG],-raxēw-,,xt-,xte,,,,,,,,
jarāka,[N.SG],-rāk-,,an-,ran,,,,,,,,
jarāka,[N.SG],-rāk-,,nt-,nte,,,,,,,,
jarāŋŋe,[N.SG],-rāŋŋ-,,or-,ora,,,,,,,,
jarāŋŋe,[N.SG],-rāŋŋ-,,hē-,ehē,,,,,,,,
jarēlān,[N.SG],-rēlān-,,el-,ela,,,,,,,,
jarēña,[N.SG],-rēñ-,,ēx-,ēxa,,,,,,,,
jarēþa,[N.SG],-rēþ-,,īþ-,īþa,,,,,,,,
jarōnne,[N.SG],-rōnn-,,ēn-,iēn,,,,,,,,
jarūēl,[N.SG],-rūēl-,,āñ-,āña,,,,,,,,
jarūlōn,[N.SG],-rūlōn-,,ēt-,ēta,,,,,,,,
jarūna,[N.SG],-rūn-,,ōn-,ōna,,,,,,,,
jarūsa,[N.SG],-rūs-,,en-,nen,,,,,,,,
jarūsīssīke,[N.SG],-rūsīssīk-,,ēλ-,ēλa,,,,,,,,
jasācīñ,[N.SG],-sācīñ-,,ōr-,sōr,,,,,,,,
jasāka,[N.SG],-sāk-,,kk-,kke,,,,,,,,
jasāla,[N.SG],-sāl-,,en-,ena,,,,,,,,
jasālīke,[N.SG],-sālīk-,,ār-,kār,,,,,,,,
jasālīkeran,[N.SG],-sālīkeran-,,lk-,lke,,,,,,,,
jasāma,[N.SG],-sām-,,ie-,ien,,,,,,,,
jasārre,[N.SG],-sārr-,,ēj-,ēie,,,,,,,,
jasāora,[N.SG],-sāor-,,ān-,rān,,,,,,,,
jasāorīke,[N.SG],-sāorīk-,,rj-,rja,,,,,,,,
jasāorīke jakōrja,[N.SG],-kōrj--sāorīk-,,st-,ste,,,,,,,,
jasāorīke japōha,[N.SG],-pōh--sāorīk-,,ūm-,ūma,,,,,,,,
jasāorīke jatāna,[N.SG],-sāorīk--tān-,,ss-,sse,,,,,,,,
jasāorīke jūrāna,[N.SG],-sāorīk--ūrān-,,ār-,wār,,,,,,,,
jasēlen,[N.SG],-sēlen-,,īl-,īla,,,,,,,,
jasēlke,[N.SG],-sēlk-,,lr-,lre,,,,,,,,
jasēlne,[N.SG],-sēln-,,īñ-,īña,,,,,,,,
jasēnette,[N.SG],-sēnett-,,lk-,lke,,,,,,,,
jasēsa,[N.SG],-sēs-,,en-,ena,,,,,,,,
jasēttien,[N.SG],-sēttien-,,ār-,āra,,,,,,,,
jasēþa,[N.SG],-sēþ-,,lp-,lpe,,,,,,,,
jasīrien,[N.SG],-sīrie-,,eh-,eha,,,,,,,,
jasīsse,[N.SG],-sīss-,,īλ-,īλa,,,,,,,,
jasōra,[N.SG],-sōr-,,īñ-,īña,,,,,,,,
jasōrte,[N.SG],-sōrt-,,ēl-,ēla,,,,,,,,
jasōþa,[N.SG],-sōþ-,,ōr-,ōra,,,,,,,,
jasūmārwe,[N.SG],-sūmārw-,,on-,lon,,,,,,,,
jasūna,[N.SG],-sūn-,,tū-,stū,,,,,,,,
jasūpa,[N.SG],-sūp-,,īþ-,īþa,,,,,,,,
jasūppera,[N.SG],-sūpper-,,ūr-,ūra,,,,,,,,
jatamōl,[N.SG],-tamōl-,,ōs-,ōsa,,,,,,,,
jatanīsa,[N.SG],-tanīs-,,ēx-,ēxa,,,,,,,,
jatañēn,[N.SG],-tañēn-,,ōl-,jōl,,,,,,,,
jatarōñ,[N.SG],-tarōñ-,,on-,lon,,,,,,,,
jatasēña,[N.SG],-tasēñ-,,el-,xel,,,,,,,,
jatatēn,[N.SG],-tatēn-,,is-,isa,,,,,,,,
jatālaten,[N.SG],-tālaten-,,ie-,ien,,,,,,,,
jatāna,[N.SG],-tān-,,lr-,lre,,,,,,,,
jatānnānnan,[N.SG],-tānnānnan-,,ūr-,ūra,,,,,,,,
jatānnīke,[N.SG],-tānnīk-,,ān-,āna,,,,,,,,
jatāña,[N.SG],-tāñ-,,īñ-,īña,,,,,,,,
jatāñeran,[N.SG],-tāñeran-,,sk-,ske,,,,,,,,
jatārharrien,[N.SG],-tārharrien-,,ān-,āna,,,,,,,,
jatārien,[N.SG],-tārie-,,en-,ena,,,,,,,,
jatāsa,[N.SG],-tās-,,āh-,āha,,,,,,,,
jatāten,[N.SG],-tāten-,,ān-,āna,,,,,,,,
jatāena,[N.SG],-tāen-,,cē-,acē,,,,,,,,
jatāona,[N.SG],-tāon-,,hē-,ehē,,,,,,,,
jatewēlre,[N.SG],-tewēlr-,,,,,,,,,,,
jatēla,[N.SG],-tēl-,,,,,,,,,,,
jatēmme,[N.SG],-tēmm-,,,,,,,,,,,
jatēmmēr,[N.SG],-tēmmēr-,,,,,,,,,,,
jatēna,[N.SG],-tēn-,,,,,,,,,,,
jatēnar,[N.SG],-tēnar-,,,,,,,,,,,
jatēnen,[N.SG],-tēnen-,,,,,,,,,,,
jatēnnīke,[N.SG],-tēnnīk-,,,,,,,,,,,
jatēŋŋe,[N.SG],-tēŋŋ-,,,,,,,,,,,
jatēpa,[N.SG],-tēp-,,,,,,,,,,,
jatēwa,[N.SG],-tēw-,,,,,,,,,,,
jatīān,[N.SG],-tīān-,,,,,,,,,,,
jatōma,[N.SG],-tōm-,,,,,,,,,,,
jatōna,[N.SG],-tōn-,,,,,,,,,,,
jatōrse,[N.SG],-tōrs-,,,,,,,,,,,
jatū,[N.SG],-tū-,,,,,,,,,,,
jatūmse,[N.SG],-tūms-,,,,,,,,,,,
jatūra,[N.SG],-tūr-,,,,,,,,,,,
jatūrelil,[N.SG],-tūrelil-,,,,,,,,,,,
jatūste,[N.SG],-tūst-,,,,,,,,,,,
jatūta,[N.SG],-tūt-,,,,,,,,,,,
jaþāwa,[N.SG],-þāw-,,,,,,,,,,,
jaþāota,[N.SG],-þāot-,,,,,,,,,,,
jaþēλa,[N.SG],-þēλ-,,,,,,,,,,,
jaþēma,[N.SG],-þēm-,,,,,,,,,,,
jaþēŋŋe,[N.SG],-þēŋŋ-,,,,,,,,,,,
jaþēra,[N.SG],-þēr-,,,,,,,,,,,
jaþīña,[N.SG],-þīñ-,,,,,,,,,,,
jaþīñien,[N.SG],-þīñie-,,,,,,,,,,,
jaþīrnīwe,[N.SG],-þīrnīw-,,,,,,,,,,,
jaþūna,[N.SG],-þūn-,,,,,,,,,,,
jawasāon,[N.SG],-wasāon-,,,,,,,,,,,
jawasōnen,[N.SG],,,,,,,,,,,,
jawaxāon,[N.SG],-waxāon-,,,,,,,,,,,
jawā,[N.SG],-jawā-,,,,,,,,,,,
jawālīke,[N.SG],-wālīk-,,,,,,,,,,,
jawāna,[N.SG],-wān-,,,,,,,,,,,
jawāññerāñ,[N.SG],-wāññerāñ-,,,,,,,,,,,
jawāsa,[N.SG],-wās-,,,,,,,,,,,
jawāxten,[N.SG],-wāxten-,,,,,,,,,,,
jawāe,[N.SG],-wāe-,,,,,,,,,,,
jawāel,[N.SG],-wāel-,,,,,,,,,,,
jaweñēn,[N.SG],-weñēn-,,,,,,,,,,,
jawēha,[N.SG],-wēh-,,,,,,,,,,,
jawēlre,[N.SG],-wēlr-,,,,,,,,,,,
jawēlrienāl,[N.SG],-wēlrienāl-,,,,,,,,,,,
jawēλīke,[N.SG],-wēλīk-,,,,,,,,,,,
jawēra,[N.SG],-wēr-,,,,,,,,,,,
jawīþa,[N.SG],-wīþ-,,,,,,,,,,,
jawiē,[N.SG],-wīj-,,,,,,,,,,,
jawōla,[N.SG],-wōl-,,,,,,,,,,,
jawūña,[N.SG],-wūñ-,,,,,,,,,,,
jawūxxēta,[N.SG],-wūxxēt-,,,,,,,,,,,
jaxālāe,[N.SG],-xālāj-,,,,,,,,,,,
jaxāela,[N.SG],-xāel-,,,,,,,,,,,
jaxāelienāl,[N.SG],-xāelienāl-,,,,,,,,,,,
jaxēla,[N.ST],-xēl-,,,,,,,,,,,
jaxēta,[N.SG],-xēt-,,,,,,,,,,,
jaxēwelre,[N.SG],-xēwelr-,,,,,,,,,,,
jaxēxa,[N.SG],-xēx-,,,,,,,,,,,
jaxīma,[N.SG],-xīm-,,,,,,,,,,,
jaxīmīke,[N.SG],-xīmīk-,,,,,,,,,,,
jaxīra,[N.SG],-xīr-,,,,,,,,,,,
jaxīwa,[N.SG],-xīw-,,,,,,,,,,,
jaxiēna,[N.SG],-xiēn-,,,,,,,,,,,
jaxōsa,[N.SG],-xōs-,,,,,,,,,,,
jaxōseran,[N.SG],-xōseran-,,,,,,,,,,,
jaxūna,[N.SG],-xūn-,,,,,,,,,,,
jaxūnīke,[N.SG],-xūnīk-,,,,,,,,,,,
jaxūnte,[N.SG],-xūnt-,,,,,,,,,,,
jaxūra,[N.SG],-xūr-,,,,,,,,,,,
jālhūñīke,[N.SG],-ālhūñīk-,,,,,,,,,,,
jālme,[N.SG],-ālm-,,,,,,,,,,,
jālne,[N.SG],-āln-,,,,,,,,,,,
jālneha,[N.SG],-ālneh-,,,,,,,,,,,
jālre,[N.SG],-ālr-,,,,,,,,,,,
jāltanre,[N.SG],-āltanr-,,,,,,,,,,,
jālteran,[N.SG],-ālteran-,,,,,,,,,,,
jāllōhen,[N.SG],-āllōhen-,,,,,,,,,,,
jāmīwe,[N.SG],-āmīwe-,,,,,,,,,,,
jānte,[N.SG],-ānt-,,,,,,,,,,,
jānnalon,[N.SG],-ānnalon-,,,,,,,,,,,
jānnara,[N.SG],-ānnar-,,,,,,,,,,,
jānnaxel,[N.SG],-ānnaxel-,,,,,,,,,,,
jānnāneran,[N.SG],-ānnāneran-,,,,,,,,,,,
jānne,[N.SG],-ānn-,,,,,,,,,,,
jānnien,[N.SG],-ānnie-,,,,,,,,,,,
jānnīke,[N.SG],-ānnīk-,,,,,,,,,,,
jānnūīke,[N.SG],-ānnūīk-,,,,,,,,,,,
jāña,[N.SG],-āñ-,,,,,,,,,,,
jāŋŋe,[N.SG],-āŋŋ-,,,,,,,,,,,
jāŋŋeren,[N.SG],-āŋŋeren-,,,,,,,,,,,
jāŋŋīña,[N.SG],-āŋŋīñ-,,,,,,,,,,,
jārnān,[N.SG],-ārnān-,,,,,,,,,,,
jārnāe,[N.SG],-ārnāj-,,,,,,,,,,,
jārranisse,[N.SG],-ārraniss-,,,,,,,,,,,
jārrāna,[N.SG],-ārrān-,,,,,,,,,,,
jāsa,[N.SG],-ās-,,,,,,,,,,,
jāste,[N.AN.SG],,,,,,,,,,,,
jātaren,[N.SG],-ātaren-,,,,,,,,,,,
jāxa,[N.SG],-āx-,,,,,,,,,,,
jāxīsse,[N.SG],-āxīss-,,,,,,,,,,,
jāxīsse jīlke,[N.SG],-āxīss--īlk-,,,,,,,,,,,
jāxte,[N.SG],-āxt-,,,,,,,,,,,
jāxteran,[N.SG],-āxteran-,,,,,,,,,,,
jāonte,[N.SG],-āont-,,,,,,,,,,,
jecāora,[N.SG],-ecāor-,,,,,,,,,,,
jehē,[N.SG],-ehē-,,,,,,,,,,,
jejāela,[N.SG],-ejāel-,,,,,,,,,,,
jejēxa,[N.SG],-ejēx-,,,,,,,,,,,
jekīþa,[N.SG],-ekīþ-,,,,,,,,,,,
jekiēn,[N.SG],-ekiēn-,,,,,,,,,,,
jelāña,[N.SG],-elāñ-,,,,,,,,,,,
jeλēta,[N.SG],-eλēt-,,,,,,,,,,,
jeλōna,[N.SG],-eλōn-,,,,,,,,,,,
jepēnen,[N.SG],-epēnen-,,,,,,,,,,,
jerēλa,[N.SG],-erēλ-,,,,,,,,,,,
jerrasōr,[N.SG],-errasōr-,,,,,,,,,,,
jē,[N.DEF],-jē-,,,,,,,,,,,
jēkke,[N.SG],-ēkk-,,,,,,,,,,,
jēkkena,[N.SG],-ēkken-,,,,,,,,,,,
jēlkār,[N.SG],-ēlkār-,,,,,,,,,,,
jēlke,[N.SG],-ēlk-,,,,,,,,,,,
jēlkien,[N.SG],-ēlkie-,,,,,,,,,,,
jēnēie,[N.SG],-ēnēj-,,,,,,,,,,,
jērān,[N.SG],-ērān-,,,,,,,,,,,
jērja,[N.SG],-ērj-,,,,,,,,,,,
jēste,[N.SG],-ēst-,,,,,,,,,,,
jētūma,[N.SG],-ētūm-,,,,,,,,,,,
jēwānisse,[N.SG],-ēwāniss-,,,,,,,,,,,
jēwār,[N.SG],-ēwār-,,,,,,,,,,,
jīla,[N.SG],-īl-,,,,,,,,,,,
jīlcīlre,[N.SG],-īlcīlr-,,,,,,,,,,,
jīlīña,[N.SG],-īlīñ-,,,,,,,,,,,
jīlke,[N.SG],-īlk-,,,,,,,,,,,
jīlkena,[N.SG],-īlken-,,,,,,,,,,,
jīlkenāra,[N.SG],-īlkenār-,,,,,,,,,,,
jīlpe,[N.SG],-īlp-,,,,,,,,,,,
jīlpēneha,[N.SG],-īlpēneh-,,,,,,,,,,,
jīλa,[N.SG],-īλ-,,,,,,,,,,,
jīña,[N.SG],-īñ-,,,,,,,,,,,
jīrēla,[N.SG],-īrēl-,,,,,,,,,,,
jīsōra,[N.SG],-īsōr-,,,,,,,,,,,
jīstelon,[N.SG],-īstelon-,,,,,,,,,,,
jīstū,[N.SG],-īstū-,,,,,,,,,,,
jīþa,[N.SG],-īþ-,,,,,,,,,,,
jīwūra,[N.SG],-īwūr-,,,,,,,,,,,
jīxōsa,[N.SG],-īxōs-,,,,,,,,,,,
jiēxa,[N.SG],-iēx-,,,,,,,,,,,
jōl,[N.SG],-ōl-,,,,,,,,,,,
jōrralon,[N.SG],-ōrralon-,,,,,,,,,,,
jōrraxel,[N.SG],-ōrraxel-,,,,,,,,,,,
jōrrisa,[N.ST],-ōrris-,,,,,,,,,,,
jōrrien,[N.SG],-ōrrie-,,,,,,,,,,,
jūlre,[N.SG],-ūlr-,,,,,,,,,,,
jūra,[N.SG],-ūr-,,,,,,,,,,,
jūrāna,[N.SG],-ūrān-,,,,,,,,,,,
jūsīña,[N.SG],-ūsīñ-,,,,,,,,,,,
jūske,[N.SG],-ūsk-,,,,,,,,,,,
jūskemāna,[N.SG],-ūskemān-,,,,,,,,,,,
jūsrena,[N.SG],-ūsren-,,,,,,,,,,,
kā,[N.DEF],-kā-,,,,,,,,,,,
lā,[N.DEF],-lā-,,,,,,,,,,,
lānnāl,[N.DEF],-lānnāl-,,,,,,,,,,,
macāha,[N.SG],-cāh-,,,,,,,,,,,
macāna,[N.ST],-cān-,,,,,,,,,,,
macāra,[N.CO],-cār-,,,,,,,,,,,
macē,[N.SG],-cē-,,,,,,,,,,,
macēlne,[N.AN.SG],-cēln-,,,,,,,,,,,
macēna,[N.AN.SG],-cēn-,,,,,,,,,,,
macīwa,[N.AN.SG],-cīw-,,,,,,,,,,,
macōla,[N.AN.SG],-cōl-,,,,,,,,,,,
macūma,[N.AN.SG],-cūm-,,,,,,,,,,,
mahālien,[N.AN.ST],-hālien-,,,,,,,,,,,
mahāwrōn,[N.AN.SG],-hāwrōn-,,,,,,,,,,,
mahēna,[N.AN.SG],-hēn-,,,,,,,,,,,
mahōhanen,[N.AN.SG],-hōhanen-,,,,,,,,,,,
majāra,[N.AN.SG],-jār-,,,,,,,,,,,
makāña,[N.AN.SG],-kāñ-,,,,,,,,,,,
makāñīñ,[N.AN.SG],-kāñīñ-,,,,,,,,,,,
makāe,[N.AN.SG],-kāj-,,,,,,,,,,,
makerāon,[N.AN.SG],-kerāon-,,,,,,,,,,,
makēlen,[N.AN.SG],-kēlen-,,,,,,,,,,,
makēranen,[N.AN.SG],-kēranen-,,,,,,,,,,,
makērēl,[N.AN.SG],-kērēl-,,,,,,,,,,,
makīra,[N.AN.SG],-kīr-,,,,,,,,,,,
makīri,[N.AN.CO],-kīr-,,,,,,,,,,,
makōra,[N.AN.SG],-kōr-,,,,,,,,,,,
malāca,[N.AN.SG],-lāc-,,,,,,,,,,,
malācīñ,[N.AN.SG],-lācīñ-,,,,,,,,,,,
malāsanen,[N.AN.SG],-lāsanen-,,,,,,,,,,,
malō,[N.AN.SG],-lō-,,,,,,,,,,,
malōīñ,[N.AN.SG],-lōīñ-,,,,,,,,,,,
malōīñ salūña,[N.PHR],-lōīñ--lūñ-,,,,,,,,,,,
malūīkanen,[N.AN.SG],-lūīkanen-,,,,,,,,,,,
mamō,[N.AN.SG],-mō-,,,,,,,,,,,
mamōīñ,[N.AN.SG],-mōīñ-,,,,,,,,,,,
mamōlanen,[N.AN.SG],-mōl-,,,,,,,,,,,
mamōra,[N.AN.SG],-mōr-,,,,,,,,,,,
mamōrienāl,[N.AN.SG],-mōrienāl-,,,,,,,,,,,
mamōrīñ,[N.AN.SG],-mōrīñ-,,,,,,,,,,,
mamōrīñ sīlle,[N.PHR],-īll-,,,,,,,,,,,
manārme,[N.AN.SG],-nārm-,,,,,,,,,,,
manīsanen,[N.AN.SG],-nīsanen-,,,,,,,,,,,
manwāla,[N.AN.SG],-anwāl-,,,,,,,,,,,
mañēþanen,[N.AN.SG],-ñēþanen-,,,,,,,,,,,
maŋē,[N.AN.SG],-ŋē-,,,,,,,,,,,
mapāra,[N.AN.SG],-pār-,,,,,,,,,,,
mapāranen,[N.AN.SG],-pāranen-,,,,,,,,,,,
mapēranen,[N.AN.SG],-pēranen-,,,,,,,,,,,
mapēxte,[N.AN.SG],-pēxt-,,,,,,,,,,,
marāona,[N.AN.SG],-rāon-,,,,,,,,,,,
marēþa,[N.AN.SG],-rēþ-,,,,,,,,,,,
marōāñēl,[N.AN.SG],-rōāñēl-,,,,,,,,,,,
masālīkanen,[N.AN.SG],-sālīkanen-,,,,,,,,,,,
masāltanen,[N.AN.SG],-sāltanen-,,,,,,,,,,,
masēllō,[N.AN.SG],-sēllō-,,,,,,,,,,,
masēllō satāña,[N.PHR],-sēllō--tāñ-,,,,,,,,,,,
masēnre,[N.AN.SG],-sēnr-,,,,,,,,,,,
masīste,[N.AN.SG],-sīst-,,,,,,,,,,,
masīste salūña,[N.PHR],-lūñ--sīst-,,,,,,,,,,,
masōwa,[N.AN.SG],-sōw-,,,,,,,,,,,
masōwaron,[N.AN.SG],-sōwaron-,,,,,,,,,,,
matānae,[N.AN.CO],-tānaj-,,,,,,,,,,,
matāñanen,[N.AN.SG],-tāñanen-,,,,,,,,,,,
matāenōn,[N.AN.SG],-tāenōn-,,,,,,,,,,,
matēnnīkōn,[N.AN.SG],-tēnnīk-,,,,,,,,,,,
matērranen,[N.AN.SG],-tērranen-,,,,,,,,,,,
matērja,[N.AN.SG],-tērj-,,,,,,,,,,,
matiē,[N.AN.SG],-tiē-,,,,,,,,,,,
matōntanen,[N.AN.SG],-tōntanen-,,,,,,,,,,,
mattūtōnte,[N.AN.SG],-attūtōnt-,,,,,,,,,,,
maþūskīri,[N.AN.CO],-þūskīr-,,,,,,,,,,,
mawasōnen,[N.AN.SG],,,,,,,,,,,,
mawālanen,[N.AN.SG],-wālanen-,,,,,,,,,,,
mawēhēl,[N.AN.SG],-wēhēl-,,,,,,,,,,,
mawēsa,[N.AN.SG],-wēs-,,,,,,,,,,,
mawēsaron,[N.AN.SG],-wēsaron-,,,,,,,,,,,
mawīnle,[N.AN.SG],-wīnl-,,,,,,,,,,,
mawōnalōn,[N.AN.SG],-wōnalōn-,,,,,,,,,,,
maxāna,[N.AN.SG],-xān-,,,,,,,,,,,
maxāntie,[N.AN.SG],-xāntie-,,,,,,,,,,,
maxōsanen,[N.AN.SG],-xōsanen-,,,,,,,,,,,
māltanen,[N.AN.SG],-āltanen-,,,,,,,,,,,
māmān,[N.AN.SG],-āmān-,,,,,,,,,,,
mānnānōn,[N.AN.SG],-ānnānōn-,,,,,,,,,,,
māŋŋāona,[N.AN.SG],-āŋŋāon-,,,,,,,,,,,
mārōn,[N.AN.SG],-ārōn-,,,,,,,,,,,
mārja,[N.AN.SG],-ārj-,,,,,,,,,,,
mārjanen,[N.AN.SG],-ārjanen-,,,,,,,,,,,
māxtanen,[N.AN.SG],-āxtanen-,,,,,,,,,,,
māxtōn,[N.AN.SG],-āxtōn-,,,,,,,,,,,
mehē,[N.ST],-ehē-,,,,,,,,,,,
memāra,[N.AN.SG],-emār-,,,,,,,,,,,
mēla,[N.AN.SG],-ēl-,,,,,,,,,,,
mēlīña,[N.AN.SG],-ēlīñ-,,,,,,,,,,,
mēλārōn,[N.AN.SG],-ēλārōn-,,,,,,,,,,,
mēnēie,[N.AN.SG],-ēnēj-,,,,,,,,,,,
mērānnon,[N.AN.SG],-ērānnon-,,,,,,,,,,,
mērja,[N.AN.SG],-ērj-,,,,,,,,,,,
mīlkanen,[N.AN.SG],-īlkanen-,,,,,,,,,,,
mīlpe,[N.AN.SG],-īlp-,,,,,,,,,,,
mīrāña,[N.AN.SG],-īrāñ-,,,,,,,,,,,
mīrien,[N.AN.SG],-īrien-,,,,,,,,,,,
mīsa,[N.AN.SG],-īs-,,,,,,,,,,,
mīþa,[N.AN.SG],-īþ-,,,,,,,,,,,
mū,[N.DEF],-mū-,,,,,,,,,,,
mūrāna,[N.AN.SG],-ūrān-,,,,,,,,,,,
mūxa,[N.AN.SG],-ūx-,,,,,,,,,,,
mūxisse,[N.AN.SG],-ūx-,,,,,,,,,,,
nā,[N.DEF],-nā-,,,,,,,,,,,
ñē,[N.DEF],-ñē-,,,,,,,,,,,
ō,[N.DEF],-ō-,,,,,,,,,,,
ōnne,[NUM],-ōnn-,,,,,,,,,,,
ōnnōr,[NUM],-ōnnōr-,,,,,,,,,,,
ōr,[NUM],-ōr-,,,,,,,,,,,
ōr atē,[NUM],-ōr--tē-,,,,,,,,,,,
ōr aþāmme,[NUM],-āmm--ōr-,,,,,,,,,,,
ōr aþān,[NUM],-ān--ōr-,,,,,,,,,,,
ōr aþēnne,[NUM],-ēnn--ōr-,,,,,,,,,,,
ōr aþōnne,[NUM],-ōnn--ōr-,,,,,,,,,,,
ōr awījte,[NUM],-ōr--wījtē-,,,,,,,,,,,
ōr awīor,[NUM],-ōr--wīor-,,,,,,,,,,,
ōraen,[NUM],-ōraen-,,,,,,,,,,,
ōru aþāllōr,[NUM],-āllōr--ōrū-,,,,,,,,,,,
ōru aþōr,[NUM],-ōr--ōrū-,,,,,,,,,,,
ōrū,[NUM],-ōrū-,,,,,,,,,,,
pāo,[N.DEF],-pāo-,,,,,,,,,,,
rā,[N.DEF],-rā-,,,,,,,,,,,
sacāste,[N.3P],-cāst-,,,,,,,,,,,
sacāe,[N.3P],-cāj-,,,,,,,,,,,
sacēma,[N.3P],-cēm-,,,,,,,,,,,
sacēneþa,[N.3P],-cēneþ-,,,,,,,,,,,
sacīxen,[N.3P],-cīxen-,,,,,,,,,,,
saciēla,[N.3P],-ciēl-,,,,,,,,,,,
saciēla jahēññe,[N.3P],-ciēl--hēññ-,,,,,,,,,,,
sahāla,[N.3P],-hāl-,,,,,,,,,,,
sahāλa,[N.3P],-hāλ-,,,,,,,,,,,
sahē,[N.3P],-hē-,,,,,,,,,,,
sahēññe,[N.3P],-hēññ-,,,,,,,,,,,
sahēññe janōsa,[N.3P],-hēññ--nōs-,,,,,,,,,,,
sahēññe jatāwre,[N.3P],-hēññ--tāwr-,,,,,,,,,,,
sahīña,[N.3P],-hīñ-,,,,,,,,,,,
sahīña jacāwa,[N.3P],-cāw--hīñ-,,,,,,,,,,,
sahōrre,[N.3P],-hōrr-,,,,,,,,,,,
sahōsa,[N.3P],-hōs-,,,,,,,,,,,
sahōxen,[N.3P],-hōxen-,,,,,,,,,,,
sahūppe,[N.3P],-hūpp-,,,,,,,,,,,
sahūta,[N.3P],-hūt-,,,,,,,,,,,
sajāona,[N.3P],-jāon-,,,,,,,,,,,
sajēta,[N.3P],-jēt-,,,,,,,,,,,
sajīma,[N.3P],-jīm-,,,,,,,,,,,
sajōla,[N.3P],-jōl-,,,,,,,,,,,
sajūna,[N.3P],-jūn-,,,,,,,,,,,
sakāca,[N.3P],-kāc-,,,,,,,,,,,
sakāha,[N.3P],-kāh-,,,,,,,,,,,
sakāllen,[N.3P],-kāllen-,,,,,,,,,,,
sakāena,[N.3P],-kāen-,,,,,,,,,,,
sakehūñ,[N.3P],-kehūñ-,,,,,,,,,,,
sakekīwwe,[N.3P],-kekīww-,,,,,,,,,,,
sakerēl,[N.3P],-kerēl-,,,,,,,,,,,
sakerēl jaþēlle,[N.3P],-kerēl--þēll-,,,,,,,,,,,
sakerōñ,[N.3P],-kerōñ-,,,,,,,,,,,
sakexīr,[N.3P],-kexīr-,,,,,,,,,,,
sakēma,[N.3P],-kēm-,,,,,,,,,,,
sakēwīke,[N.3P],-kēwīk-,,,,,,,,,,,
sakīlpōrse,[N.3P],-kīlpōrs-,,,,,,,,,,,
sakīwa,[N.3P],-kīw-,,,,,,,,,,,
sakkāsa,[N.3P],-akkās-,,,,,,,,,,,
sakōccelle,[N.3P],-kōccell-,,,,,,,,,,,
sakōλa,[N.3P],-kōλ-,,,,,,,,,,,
sakōrne,[N.3P],-kōrn-,,,,,,,,,,,
sakū,[N.3P],-kū-,,,,,,,,,,,
salāmme,[N.3P],-lāmm-,,,,,,,,,,,
salēŋŋe,[N.3P],-lēŋŋ-,,,,,,,,,,,
salīwa,[N.3P],-līw-,,,,,,,,,,,
salōha,[N.3P],-lōh-,,,,,,,,,,,
salōmme,[N.3P],-lōmm-,,,,,,,,,,,
samāca,[N.3P],-māc-,,,,,,,,,,,
samālār,[N.3P],-mālār-,,,,,,,,,,,
samālle,[N.3P],-māll-,,,,,,,,,,,
samālle jaþēlle,[N.3P],-māll--þēll-,,,,,,,,,,,
samāna,[N.3P],-mān-,,,,,,,,,,,
samāsa,[N.3P],-mās-,,,,,,,,,,,
samēλa,[N.3P],-mēλ-,,,,,,,,,,,
samō,[N.3P],-mō-,,,,,,,,,,,
samōla,[N.3P],-mōl-,,,,,,,,,,,
samōra,[N.3P],-mōr-,,,,,,,,,,,
samūña,[N.3P],-mūñ-,,,,,,,,,,,
samūñerel,[N.3P],-mūñerel-,,,,,,,,,,,
samūñōlle,[N.3P],-mūñōll-,,,,,,,,,,,
samūññama,[N.3P],-mūññam-,,,,,,,,,,,
samūññira,[N.3P],-mūññir-,,,,,,,,,,,
sanārme,[N.3P],-nārm-,,,,,,,,,,,
sanēmmāl,[N.3P],-nēmmāl-,,,,,,,,,,,
sanīma,[N.3P],-nīm-,,,,,,,,,,,
sanōma,[N.3P],-nōm-,,,,,,,,,,,
sanōsa,[N.3P],-nōs-,,,,,,,,,,,
sanū,[N.3P],-nū-,,,,,,,,,,,
sannūxa,[N.3P],-annūx-,,,,,,,,,,,
sañāma,[N.3P],-ñām-,,,,,,,,,,,
saŋāka,[N.3P],-ŋāk-,,,,,,,,,,,
saŋē,[N.3P],-ŋē-,,,,,,,,,,,
sapāla,[N.3P],-pāl-,,,,,,,,,,,
sapāŋŋe,[N.3P],-pāŋŋ-,,,,,,,,,,,
sapāta,[N.3P],-pāt-,,,,,,,,,,,
sapīra,[N.3P],-pīr-,,,,,,,,,,,
sapīra jakīnte,[N.3P],-kīnt--pīr-,,,,,,,,,,,
sapīþa,[N.3P],-pīþ-,,,,,,,,,,,
sapiēxa,[N.3P],-piēx-,,,,,,,,,,,
sarēla,[N.3P],-rēl-,,,,,,,,,,,
sarēxa,[N.3P],-rēx-,,,,,,,,,,,
sarōña,[N.3P],-rōñ-,,,,,,,,,,,
sarōña jacāwa,[N.3P],-cāw--rōñ-,,,,,,,,,,,
sarōña jahēññe,[N.3P],-hēññ--rōñ-,,,,,,,,,,,
sarōña jalūra,[N.3P],-lūr--rōñ-,,,,,,,,,,,
sasāra,[N.3P],-sār-,,,,,,,,,,,
sasāra jasūra,[N.3P],-sār--sūr-,,,,,,,,,,,
sasāra jaþēlle,[N.3P],-sār--þēll-,,,,,,,,,,,
sasātme,[N.3P],-sātm-,,,,,,,,,,,
sasātten,[N.3P],-sātten-,,,,,,,,,,,
sasāwre,[N.3P],-sāwr-,,,,,,,,,,,
sasērja,[N.3P],-sērj-,,,,,,,,,,,
sasēsse,[N.3P],-sēss-,,,,,,,,,,,
sasōna,[N.3P],-sōn-,,,,,,,,,,,
sasōra,[N.3P],-sōr-,,,,,,,,,,,
sasōsa,[N.3P],-sōs-,,,,,,,,,,,
sasōxāl,[N.3P],-sōxāl-,,,,,,,,,,,
sasūra,[N.3P],-sūr-,,,,,,,,,,,
sasūrriña,[N.3P],-sūrriñ-,,,,,,,,,,,
sasūrjen,[N.3P],-sūrjen-,,,,,,,,,,,
satāka,[N.3P],-tāk-,,,,,,,,,,,
satākken,[N.3P],-tākken-,,,,,,,,,,,
satāla,[N.3P],-tāl-,,,,,,,,,,,
satāwre,[N.3P],-tāwr-,,,,,,,,,,,
satēnte,[N.3P],-tēnt-,,,,,,,,,,,
satēsa,[N.3P],-tēs-,,,,,,,,,,,
satīrre,[N.3P],-tīrr-,,,,,,,,,,,
saþāka,[N.3P],-þāk-,,,,,,,,,,,
sawāla,[N.3P],-wāl-,,,,,,,,,,,
sawānne,[N.3P],-wānn-,,,,,,,,,,,
sawānne jarōnne,[N.3P],-rōnn--wānn-,,,,,,,,,,,
sawēλa,[N.3P],-wēλ-,,,,,,,,,,,
sawēra,[N.3P],-wēr-,,,,,,,,,,,
sawūna,[N.3P],-wūn-,,,,,,,,,,,
sawūra,[N.3P],-wūr-,,,,,,,,,,,
sawūrre,[N.3P],-wūrr-,,,,,,,,,,,
sawūta,[N.3P],-wūt-,,,,,,,,,,,
saxāenne,[N.3P],-xāenn-,,,,,,,,,,,
saxīla,[N.3P],-xīl-,,,,,,,,,,,
saxītte,[N.3P],-xītt-,,,,,,,,,,,
saxōññāon,[N.3P],-xōññāon-,,,,,,,,,,,
saxūren,[N.3P],-xūren-,,,,,,,,,,,
sāka,[N.3P],-āk-,,,,,,,,,,,
sākena,[N.3P],-āken-,,,,,,,,,,,
sālne,[N.3P],-āln-,,,,,,,,,,,
sārena,[N.3P],-āren-,,,,,,,,,,,
sārrāna,[N.3P],-ārrān-,,,,,,,,,,,
sāsrexa,[N.3P],-āsrex-,,,,,,,,,,,
senārre,[N.3P],-enārr-,,,,,,,,,,,
sewēren,[N.3P],-ewēren-,,,,,,,,,,,
sīra,[N.3P],-īr-,,,,,,,,,,,
sōlle,[N.3P],-ōll-,,,,,,,,,,,
sōrwe,[N.3P],-ōrw-,,,,,,,,,,,
sōtte,[N.3P],-ōtt-,,,,,,,,,,,
sū,[N.DEF],-sū-,,,,,,,,,,,
sūsne,[N.3P],-ūsn-,,,,,,,,,,,
sūxa,[N.3P],-ūx-,,,,,,,,,,,
talōnte,[N.DEF],-talōnt-,,,,,,,,,,,
tē,[NUM],-tē-,,,,,,,,,,,
tēaral,[NUM],-tēaral-,,,,,,,,,,,
tēōr,[NUM],-tēōr-,,,,,,,,,,,
tō,[N.DEF],-tō-,,,,,,,,,,,
þō,[N.DEF],-þō-,,,,,,,,,,,
ū,[N.DEF],-ū-,,,,,,,,,,,
wā,[N.DEF],-wā-,,,,,,,,,,,
wījtē,[NUM],-wījtē-,,,,,,,,,,,
wījtōr,[NUM],-wījtōr-,,,,,,,,,,,
wīor,[NUM],-wīor-,,,,,,,,,,,
wiē,[NUM],-wīj-,,,,,,,,,,,
xō,[N.DEF],-xō-,,,,,,,,,,,